step,train_loss,eval_loss,lr,gate_fft,gate_mem,time,train_loss
1,42.4803772,,0,0,0,Tue Apr 14 18:37:22 2026,5.31004715
2,43.04217529,,0,0,0,Tue Apr 14 18:37:32 2026,5.380271912
3,43.114048,,0,0,0,Tue Apr 14 18:37:43 2026,5.389256001
4,42.54323578,,4.00E-07,0,0,Tue Apr 14 18:37:53 2026,5.317904472
5,42.55735397,,4.00E-07,0,0,Tue Apr 14 18:38:04 2026,5.319669247
6,42.86712265,,8.00E-07,0,0,Tue Apr 14 18:38:14 2026,5.358390331
7,42.82478333,,1.20E-06,0,0.000001,Tue Apr 14 18:38:25 2026,5.353097916
8,42.93166351,,1.60E-06,0,0.000001,Tue Apr 14 18:38:35 2026,5.366457939
1,42.93416214,,0,0,0,Tue Apr 14 18:44:02 2026,5.366770267
2,42.89234543,,4.00E-07,0,0,Tue Apr 14 18:44:21 2026,5.361543179
3,43.0788269,,8.00E-07,0,0,Tue Apr 14 18:44:41 2026,5.384853363
4,43.36798859,,1.20E-06,-0.000001,0,Tue Apr 14 18:45:01 2026,5.420998573
5,43.50740051,,1.60E-06,-0.000001,0,Tue Apr 14 18:45:20 2026,5.438425064
6,43.43442535,,2.00E-06,-0.000002,0,Tue Apr 14 18:45:40 2026,5.429303169
7,43.20648956,,2.40E-06,-0.000003,0,Tue Apr 14 18:46:00 2026,5.400811195
8,42.74913406,,2.80E-06,-0.000004,0,Tue Apr 14 18:48:06 2026,5.343641758
9,43.36050034,,3.20E-06,-0.000005,-0.000001,Tue Apr 14 18:48:26 2026,5.420062542
10,43.55648422,,3.60E-06,-0.000006,-0.000001,Tue Apr 14 18:48:45 2026,5.444560528
11,43.23416901,,4.00E-06,-0.000008,-0.000001,Tue Apr 14 18:49:05 2026,5.404271126
12,42.91319656,,4.40E-06,-0.00001,-0.000001,Tue Apr 14 18:49:25 2026,5.36414957
13,43.12042999,,4.80E-06,-0.000011,-0.000001,Tue Apr 14 18:49:45 2026,5.390053749
14,42.93711853,,5.20E-06,-0.000013,-0.000001,Tue Apr 14 18:50:05 2026,5.367139816
15,43.48602676,,5.60E-06,-0.000015,-0.000001,Tue Apr 14 18:50:25 2026,5.435753345
16,42.5188942,,6.00E-06,-0.000017,-0.000001,Tue Apr 14 18:50:45 2026,5.314861774
17,42.97071838,,6.40E-06,-0.000019,-0.000001,Tue Apr 14 18:51:04 2026,5.371339798
18,42.86283493,,6.80E-06,-0.000021,-0.000001,Tue Apr 14 18:51:24 2026,5.357854366
19,43.34571838,,7.20E-06,-0.000024,-0.000001,Tue Apr 14 18:52:03 2026,5.418214798
20,43.07151794,,7.60E-06,-0.000026,-0.000001,Tue Apr 14 18:52:23 2026,5.383939743
21,42.59393311,,8.00E-06,-0.000028,-0.000001,Tue Apr 14 18:52:43 2026,5.324241638
22,43.17348099,,8.40E-06,-0.000031,0,Tue Apr 14 18:53:03 2026,5.396685123
23,43.27879333,,8.80E-06,-0.000033,0,Tue Apr 14 18:53:24 2026,5.409849167
24,43.52260208,,9.20E-06,-0.000036,0.000001,Tue Apr 14 18:53:47 2026,5.44032526
25,42.81758499,,9.60E-06,-0.000038,0.000001,Tue Apr 14 18:54:08 2026,5.352198124
26,43.0794754,,1.00E-05,-0.000041,0.000002,Tue Apr 14 18:54:28 2026,5.384934425
27,43.20095062,,1.04E-05,-0.000043,0.000003,Tue Apr 14 18:54:48 2026,5.400118828
28,43.18897247,,1.08E-05,-0.000046,0.000005,Tue Apr 14 18:55:09 2026,5.398621559
29,43.58937073,,1.12E-05,-0.000048,0.000006,Tue Apr 14 18:56:15 2026,5.448671341
30,42.86357117,,1.16E-05,-0.000051,0.000008,Tue Apr 14 18:57:29 2026,5.357946396
31,42.84823227,,1.20E-05,-0.000053,0.00001,Tue Apr 14 18:57:49 2026,5.356029034
32,43.04740906,,1.24E-05,-0.000055,0.000012,Tue Apr 14 18:58:09 2026,5.380926132
33,42.12231827,,1.28E-05,-0.000057,0.000014,Tue Apr 14 18:58:30 2026,5.265289783
34,43.43707275,,1.32E-05,-0.000059,0.000017,Tue Apr 14 18:58:49 2026,5.429634094
35,43.06295776,,1.36E-05,-0.000062,0.00002,Tue Apr 14 18:59:10 2026,5.38286972
36,43.0330162,,1.40E-05,-0.000064,0.000022,Tue Apr 14 19:00:26 2026,5.379127026
37,43.99245071,,1.44E-05,-0.000066,0.000025,Tue Apr 14 19:00:57 2026,5.499056339
38,43.20485306,,1.48E-05,-0.000068,0.000028,Tue Apr 14 19:01:17 2026,5.400606632
39,42.8733139,,1.52E-05,-0.000069,0.000032,Tue Apr 14 19:01:37 2026,5.359164238
40,43.12487793,,1.56E-05,-0.000071,0.000036,Tue Apr 14 19:01:58 2026,5.390609741
41,42.90514755,,1.60E-05,-0.000072,0.00004,Tue Apr 14 19:02:18 2026,5.363143444
42,43.07759094,,1.64E-05,-0.000073,0.000045,Tue Apr 14 19:03:07 2026,5.384698868
43,42.86170959,,1.68E-05,-0.000074,0.000049,Tue Apr 14 19:04:21 2026,5.357713699
44,43.49648666,,1.72E-05,-0.000076,0.000054,Tue Apr 14 19:04:41 2026,5.437060833
45,42.97275543,,1.76E-05,-0.000077,0.000058,Tue Apr 14 19:05:01 2026,5.371594429
46,42.91262817,,1.80E-05,-0.000078,0.000064,Tue Apr 14 19:05:21 2026,5.364078522
47,42.78020477,,1.84E-05,-0.000079,0.000069,Tue Apr 14 19:05:41 2026,5.347525597
48,43.05980682,,1.88E-05,-0.000079,0.000076,Tue Apr 14 19:06:02 2026,5.382475853
49,42.54021454,,1.92E-05,-0.00008,0.000082,Tue Apr 14 19:07:21 2026,5.317526817
50,42.99968338,,1.96E-05,-0.000081,0.000089,Tue Apr 14 19:07:42 2026,5.374960423
51,42.55162811,,2.00E-05,-0.000081,0.000095,Tue Apr 14 19:08:01 2026,5.318953514
52,42.53320313,,2.04E-05,-0.000082,0.000102,Tue Apr 14 19:08:22 2026,5.316650391
53,42.85763168,,2.08E-05,-0.000083,0.000109,Tue Apr 14 19:08:42 2026,5.35720396
54,42.65724564,,2.12E-05,-0.000084,0.000115,Tue Apr 14 19:09:02 2026,5.332155704
55,41.4031868,,2.16E-05,-0.000085,0.000123,Tue Apr 14 19:09:43 2026,5.17539835
56,42.63031006,,2.20E-05,-0.000085,0.000132,Tue Apr 14 19:11:04 2026,5.328788757
57,42.2712326,,2.24E-05,-0.000086,0.00014,Tue Apr 14 19:11:24 2026,5.283904076
58,42.75066376,,2.28E-05,-0.000086,0.000148,Tue Apr 14 19:11:44 2026,5.34383297
59,42.01220703,,2.32E-05,-0.000087,0.000156,Tue Apr 14 19:12:04 2026,5.251525879
60,42.81267548,,2.36E-05,-0.000087,0.000166,Tue Apr 14 19:12:25 2026,5.351584435
61,42.51543427,,2.40E-05,-0.000088,0.000176,Tue Apr 14 19:12:45 2026,5.314429283
62,42.49850464,,2.44E-05,-0.000089,0.000186,Tue Apr 14 19:14:01 2026,5.31231308
63,42.56499481,,2.48E-05,-0.00009,0.000196,Tue Apr 14 19:14:30 2026,5.320624352
64,42.07355881,,2.52E-05,-0.00009,0.000206,Tue Apr 14 19:14:50 2026,5.259194851
65,41.75868988,,2.56E-05,-0.00009,0.000216,Tue Apr 14 19:15:10 2026,5.219836235
66,42.00454712,,2.60E-05,-0.00009,0.000227,Tue Apr 14 19:15:30 2026,5.25056839
67,42.70233536,,2.64E-05,-0.000092,0.000237,Tue Apr 14 19:15:50 2026,5.33779192
68,42.26497269,,2.68E-05,-0.000092,0.000249,Tue Apr 14 19:16:21 2026,5.283121586
69,42.05225372,,2.72E-05,-0.000093,0.00026,Tue Apr 14 19:17:44 2026,5.256531715
70,41.75007248,,2.76E-05,-0.000093,0.000272,Tue Apr 14 19:18:04 2026,5.21875906
71,41.3381691,,2.80E-05,-0.000094,0.000284,Tue Apr 14 19:18:24 2026,5.167271137
72,40.32728577,,2.84E-05,-0.000095,0.000296,Tue Apr 14 19:18:45 2026,5.040910721
73,41.10644913,,2.88E-05,-0.000095,0.00031,Tue Apr 14 19:19:04 2026,5.138306141
74,41.10362244,,2.92E-05,-0.000096,0.000324,Tue Apr 14 19:19:24 2026,5.137952805
75,41.00353241,,2.96E-05,-0.000097,0.000338,Tue Apr 14 19:20:35 2026,5.125441551
76,40.63312531,,3.00E-05,-0.000097,0.000352,Tue Apr 14 19:21:15 2026,5.079140663
77,39.87744522,,3.04E-05,-0.000098,0.000366,Tue Apr 14 19:21:35 2026,4.984680653
78,40.21334839,,3.08E-05,-0.000097,0.000381,Tue Apr 14 19:21:54 2026,5.026668549
79,39.47621536,,3.12E-05,-0.000097,0.000397,Tue Apr 14 19:22:15 2026,4.93452692
80,40.13132095,,3.16E-05,-0.000096,0.000412,Tue Apr 14 19:22:35 2026,5.016415119
81,39.44914246,,3.20E-05,-0.000095,0.000429,Tue Apr 14 19:23:05 2026,4.931142807
82,38.99554443,,3.24E-05,-0.000095,0.000445,Tue Apr 14 19:24:26 2026,4.874443054
83,39.33330917,,3.28E-05,-0.000094,0.000462,Tue Apr 14 19:24:48 2026,4.916663647
84,39.14070129,,3.32E-05,-0.000093,0.000478,Tue Apr 14 19:25:11 2026,4.892587662
85,38.4093399,,3.36E-05,-0.000093,0.000496,Tue Apr 14 19:25:34 2026,4.801167488
86,38.50811386,,3.40E-05,-0.000092,0.000515,Tue Apr 14 19:25:57 2026,4.813514233
87,38.29388428,,3.44E-05,-0.000092,0.000534,Tue Apr 14 19:26:20 2026,4.786735535
88,37.91415024,,3.48E-05,-0.000091,0.000554,Tue Apr 14 19:26:42 2026,4.73926878
89,38.49790955,,3.52E-05,-0.00009,0.000573,Tue Apr 14 19:28:08 2026,4.812238693
90,38.21239471,,3.56E-05,-0.00009,0.000593,Tue Apr 14 19:28:31 2026,4.776549339
91,37.09860229,,3.60E-05,-0.000089,0.000614,Tue Apr 14 19:28:53 2026,4.637325287
92,55.7649765,,3.64E-05,-0.000088,0.000635,Tue Apr 14 19:29:28 2026,6.970622063
93,37.17499161,,3.68E-05,-0.000087,0.000656,Tue Apr 14 19:29:51 2026,4.646873951
94,36.66585159,,3.72E-05,-0.000086,0.000677,Tue Apr 14 19:30:13 2026,4.583231449
95,36.07071686,,3.76E-05,-0.000083,0.000698,Tue Apr 14 19:30:36 2026,4.508839607
96,36.69494629,,3.80E-05,-0.000079,0.000719,Tue Apr 14 19:31:00 2026,4.586868286
97,35.56869125,,3.84E-05,-0.000077,0.00074,Tue Apr 14 19:31:23 2026,4.446086407
98,36.26586914,,3.88E-05,-0.000074,0.000764,Tue Apr 14 19:31:46 2026,4.533233643
99,35.39943695,,3.92E-05,-0.000072,0.000787,Tue Apr 14 19:32:09 2026,4.424929619
100,35.1604538,,3.96E-05,-0.000069,0.000811,Tue Apr 14 19:32:32 2026,4.395056725
100,,4.351402283,,-0.000069,0.000811,Tue Apr 14 19:32:53 2026,
101,34.7309761,,4.00E-05,-0.000067,0.000834,Tue Apr 14 19:33:18 2026,4.341372013
102,34.38106155,,4.04E-05,-0.000065,0.000858,Tue Apr 14 19:33:42 2026,4.297632694
103,33.48316193,,4.08E-05,-0.000063,0.000884,Tue Apr 14 19:34:04 2026,4.185395241
104,33.71555328,,4.12E-05,-0.000061,0.00091,Tue Apr 14 19:34:28 2026,4.21444416
105,32.75875092,,4.16E-05,-0.000058,0.000937,Tue Apr 14 19:35:39 2026,4.094843864
106,32.48541641,,4.20E-05,-0.000056,0.000966,Tue Apr 14 19:36:56 2026,4.060677052
107,32.08948517,,4.24E-05,-0.000053,0.000995,Tue Apr 14 19:37:18 2026,4.011185646
108,32.24562836,,4.28E-05,-0.000051,0.001024,Tue Apr 14 19:37:41 2026,4.030703545
109,31.17938614,,4.32E-05,-0.000048,0.001052,Tue Apr 14 19:38:03 2026,3.897423267
110,30.97822571,,4.36E-05,-0.000046,0.001081,Tue Apr 14 19:38:26 2026,3.872278214
111,31.03411293,,4.40E-05,-0.000043,0.001113,Tue Apr 14 19:38:48 2026,3.879264116
112,29.76471519,,4.44E-05,-0.000041,0.001145,Tue Apr 14 19:39:11 2026,3.720589399
113,29.90536499,,4.48E-05,-0.000038,0.001177,Tue Apr 14 19:39:34 2026,3.738170624
114,29.26357079,,4.52E-05,-0.000036,0.001209,Tue Apr 14 19:39:56 2026,3.657946348
115,29.67137909,,4.56E-05,-0.000033,0.00124,Tue Apr 14 19:40:19 2026,3.708922386
116,28.52280235,,4.60E-05,-0.000031,0.001275,Tue Apr 14 19:40:42 2026,3.565350294
117,29.27414894,,4.64E-05,-0.000028,0.001308,Tue Apr 14 19:41:05 2026,3.659268618
118,28.50885391,,4.68E-05,-0.000025,0.001346,Tue Apr 14 19:41:28 2026,3.563606739
119,28.74935341,,4.72E-05,-0.000023,0.001389,Tue Apr 14 19:41:51 2026,3.593669176
120,28.23797607,,4.76E-05,-0.00002,0.001432,Tue Apr 14 19:42:13 2026,3.529747009
121,27.47384834,,4.80E-05,-0.000017,0.001476,Tue Apr 14 19:42:36 2026,3.434231043
122,27.29668999,,4.84E-05,-0.000014,0.001516,Tue Apr 14 19:42:59 2026,3.412086248
123,27.47060585,,4.88E-05,-0.000012,0.001556,Tue Apr 14 19:43:22 2026,3.433825731
124,27.07648849,,4.92E-05,-0.000014,0.001596,Tue Apr 14 19:43:46 2026,3.384561062
125,27.12723923,,4.96E-05,-0.000016,0.001637,Tue Apr 14 19:44:09 2026,3.390904903
126,27.47425079,,5.00E-05,-0.000018,0.00168,Tue Apr 14 19:44:32 2026,3.434281349
127,25.97293091,,5.04E-05,-0.000022,0.001724,Tue Apr 14 19:44:54 2026,3.246616364
128,28.28072357,,5.08E-05,-0.000025,0.001767,Tue Apr 14 19:45:18 2026,3.535090446
129,25.7975502,,5.12E-05,-0.000025,0.001805,Tue Apr 14 19:46:51 2026,3.224693775
130,25.68206215,,5.16E-05,-0.000027,0.001846,Tue Apr 14 19:47:14 2026,3.210257769
131,26.10082626,,5.20E-05,-0.000028,0.001886,Tue Apr 14 19:47:36 2026,3.262603283
132,26.21187782,,5.24E-05,-0.000029,0.001921,Tue Apr 14 19:47:59 2026,3.276484728
133,25.70793343,,5.28E-05,-0.000031,0.001956,Tue Apr 14 19:48:22 2026,3.213491678
134,25.72221184,,5.32E-05,-0.000034,0.001992,Tue Apr 14 19:48:44 2026,3.21527648
135,26.1295948,,5.36E-05,-0.000038,0.002028,Tue Apr 14 19:49:07 2026,3.26619935
136,24.99040794,,5.40E-05,-0.000042,0.002064,Tue Apr 14 19:50:30 2026,3.123800993
137,24.91511345,,5.44E-05,-0.000047,0.002101,Tue Apr 14 19:51:06 2026,3.114389181
138,24.83808517,,5.48E-05,-0.000053,0.002137,Tue Apr 14 19:51:29 2026,3.104760647
139,25.05438614,,5.52E-05,-0.00006,0.002168,Tue Apr 14 19:51:52 2026,3.131798267
140,24.64103889,,5.56E-05,-0.000067,0.002199,Tue Apr 14 19:52:14 2026,3.080129862
141,24.69552612,,5.60E-05,-0.000075,0.002229,Tue Apr 14 19:52:37 2026,3.086940765
142,24.62610626,,5.64E-05,-0.000086,0.00226,Tue Apr 14 19:53:00 2026,3.078263283
143,23.98175049,,5.68E-05,-0.000097,0.002289,Tue Apr 14 19:53:23 2026,2.997718811
144,24.35032272,,5.72E-05,-0.000109,0.002319,Tue Apr 14 19:53:46 2026,3.04379034
145,23.92622757,,5.76E-05,-0.000123,0.002344,Tue Apr 14 19:54:09 2026,2.990778446
146,24.29890442,,5.80E-05,-0.00014,0.002371,Tue Apr 14 19:54:32 2026,3.037363052
147,24.00421333,,5.84E-05,-0.000158,0.002399,Tue Apr 14 19:54:54 2026,3.000526667
148,23.9422493,,5.88E-05,-0.000174,0.002423,Tue Apr 14 19:55:17 2026,2.992781162
149,24.51932144,,5.92E-05,-0.000191,0.002447,Tue Apr 14 19:55:41 2026,3.06491518
150,24.31086922,,5.96E-05,-0.000209,0.00247,Tue Apr 14 19:56:05 2026,3.038858652
151,24.8567276,,6.00E-05,-0.000228,0.002493,Tue Apr 14 19:56:28 2026,3.10709095
152,23.36333275,,6.04E-05,-0.000245,0.002515,Tue Apr 14 19:56:51 2026,2.920416594
153,24.60451317,,6.08E-05,-0.000264,0.002534,Tue Apr 14 19:57:14 2026,3.075564146
154,23.81214142,,6.12E-05,-0.000284,0.002551,Tue Apr 14 19:58:26 2026,2.976517677
155,23.62291145,,6.16E-05,-0.000303,0.002562,Tue Apr 14 19:58:55 2026,2.952863932
156,23.12731361,,6.20E-05,-0.000323,0.002576,Tue Apr 14 19:59:18 2026,2.890914202
157,23.65438271,,6.24E-05,-0.000345,0.002584,Tue Apr 14 19:59:41 2026,2.956797838
158,24.93964767,,6.28E-05,-0.000367,0.00258,Tue Apr 14 20:00:03 2026,3.117455959
159,24.14023972,,6.32E-05,-0.000397,0.00257,Tue Apr 14 20:00:28 2026,3.017529964
160,23.75438881,,6.36E-05,-0.000426,0.00256,Tue Apr 14 20:00:55 2026,2.969298601
161,24.11943626,,6.40E-05,-0.000455,0.002543,Tue Apr 14 20:02:18 2026,3.014929533
162,23.10546494,,6.44E-05,-0.000487,0.002524,Tue Apr 14 20:03:19 2026,2.888183117
163,22.30037308,,6.48E-05,-0.000519,0.002502,Tue Apr 14 20:03:42 2026,2.787546635
164,23.04924774,,6.52E-05,-0.000551,0.002481,Tue Apr 14 20:04:04 2026,2.881155968
165,23.10503578,,6.56E-05,-0.000582,0.002458,Tue Apr 14 20:04:27 2026,2.888129473
166,23.1467514,,6.60E-05,-0.000615,0.002434,Tue Apr 14 20:04:49 2026,2.893343925
167,23.0389061,,6.64E-05,-0.000648,0.00241,Tue Apr 14 20:05:12 2026,2.879863262
168,22.2642746,,6.68E-05,-0.00068,0.002385,Tue Apr 14 20:05:34 2026,2.783034325
169,23.04231453,,6.72E-05,-0.000712,0.002356,Tue Apr 14 20:05:57 2026,2.880289316
170,22.34740639,,6.76E-05,-0.000741,0.002321,Tue Apr 14 20:06:20 2026,2.793425798
171,22.7061615,,6.80E-05,-0.000771,0.00228,Tue Apr 14 20:06:42 2026,2.838270187
172,22.60190773,,6.84E-05,-0.0008,0.002238,Tue Apr 14 20:07:05 2026,2.825238466
173,21.93971634,,6.88E-05,-0.000825,0.002204,Tue Apr 14 20:07:28 2026,2.742464542
174,22.94368362,,6.92E-05,-0.000851,0.002159,Tue Apr 14 20:07:50 2026,2.867960453
175,23.17710114,,6.96E-05,-0.000876,0.00211,Tue Apr 14 20:08:13 2026,2.897137642
176,22.51577568,,7.00E-05,-0.000899,0.002056,Tue Apr 14 20:08:36 2026,2.81447196
177,22.42519951,,7.04E-05,-0.000918,0.002004,Tue Apr 14 20:08:58 2026,2.803149939
178,22.564888,,7.08E-05,-0.000928,0.001951,Tue Apr 14 20:09:21 2026,2.820611
179,22.45977402,,7.12E-05,-0.000935,0.00191,Tue Apr 14 20:09:44 2026,2.807471752
180,23.20612144,,7.16E-05,-0.000928,0.001856,Tue Apr 14 20:10:06 2026,2.900765181
181,23.29765129,,7.20E-05,-0.000924,0.001803,Tue Apr 14 20:10:29 2026,2.912206411
182,22.25080109,,7.24E-05,-0.000922,0.001737,Tue Apr 14 20:10:51 2026,2.781350136
183,33.28460312,,7.28E-05,-0.000922,0.001668,Tue Apr 14 20:11:27 2026,4.16057539
184,22.38206482,,7.32E-05,-0.000919,0.001597,Tue Apr 14 20:11:50 2026,2.797758102
185,22.37317085,,7.36E-05,-0.000914,0.001521,Tue Apr 14 20:12:12 2026,2.796646357
186,21.75794983,,7.40E-05,-0.000916,0.001427,Tue Apr 14 20:12:35 2026,2.719743729
187,22.62080956,,7.44E-05,-0.00091,0.001335,Tue Apr 14 20:12:58 2026,2.827601194
188,22.0947361,,7.48E-05,-0.000905,0.001251,Tue Apr 14 20:13:20 2026,2.761842012
189,22.90924072,,7.52E-05,-0.0009,0.001175,Tue Apr 14 20:13:43 2026,2.86365509
190,22.3813343,,7.56E-05,-0.000893,0.001114,Tue Apr 14 20:14:06 2026,2.797666788
191,22.49740601,,7.60E-05,-0.000885,0.001048,Tue Apr 14 20:14:28 2026,2.812175751
192,22.51420403,,7.64E-05,-0.000875,0.000956,Tue Apr 14 20:14:51 2026,2.814275503
193,22.63389206,,7.68E-05,-0.00087,0.00088,Tue Apr 14 20:15:14 2026,2.829236507
194,22.32470703,,7.72E-05,-0.000867,0.000799,Tue Apr 14 20:15:36 2026,2.790588379
195,22.71823692,,7.76E-05,-0.000862,0.000743,Tue Apr 14 20:15:59 2026,2.839779615
196,21.92326355,,7.80E-05,-0.000857,0.000687,Tue Apr 14 20:16:21 2026,2.740407944
197,21.7799511,,7.84E-05,-0.000857,0.000631,Tue Apr 14 20:16:44 2026,2.722493887
198,21.99158478,,7.88E-05,-0.000857,0.00059,Tue Apr 14 20:17:07 2026,2.748948097
199,22.02649498,,7.92E-05,-0.000857,0.000549,Tue Apr 14 20:17:30 2026,2.753311872
200,21.82861328,,7.96E-05,-0.000857,0.000504,Tue Apr 14 20:17:53 2026,2.72857666
200,,2.800741196,,-0.000857,0.000504,Tue Apr 14 20:18:14 2026,
201,21.94924736,,8.00E-05,-0.00086,0.000458,Tue Apr 14 20:19:30 2026,2.74365592
202,22.35615349,,8.04E-05,-0.000862,0.000402,Tue Apr 14 20:19:53 2026,2.794519186
203,21.72180176,,8.08E-05,-0.000865,0.000341,Tue Apr 14 20:20:15 2026,2.71522522
204,21.95524025,,8.12E-05,-0.000865,0.000285,Tue Apr 14 20:20:42 2026,2.744405031
205,21.61933327,,8.16E-05,-0.000867,0.000234,Tue Apr 14 20:21:08 2026,2.702416658
206,22.16919708,,8.20E-05,-0.00087,0.000183,Tue Apr 14 20:21:32 2026,2.771149635
207,21.42847061,,8.24E-05,-0.00087,0.000132,Tue Apr 14 20:21:55 2026,2.678558826
208,22.62610626,,8.28E-05,-0.000865,0.000117,Tue Apr 14 20:22:18 2026,2.828263283
209,22.06369019,,8.32E-05,-0.000862,0.000071,Tue Apr 14 20:22:42 2026,2.757961273
210,22.50330734,,8.36E-05,-0.000857,0.000025,Tue Apr 14 20:24:01 2026,2.812913418
211,22.31102943,,8.40E-05,-0.000854,-0.000025,Tue Apr 14 20:24:53 2026,2.788878679
212,21.91695213,,8.44E-05,-0.000854,-0.000066,Tue Apr 14 20:25:16 2026,2.739619017
213,21.91287231,,8.48E-05,-0.000854,-0.000122,Tue Apr 14 20:25:38 2026,2.739109039
214,22.32770729,,8.52E-05,-0.000854,-0.000188,Tue Apr 14 20:26:00 2026,2.790963411
215,22.05477524,,8.56E-05,-0.000852,-0.000234,Tue Apr 14 20:26:23 2026,2.756846905
216,22.34352875,,8.60E-05,-0.000852,-0.000285,Tue Apr 14 20:26:46 2026,2.792941093
217,22.98639107,,8.64E-05,-0.000852,-0.000326,Tue Apr 14 20:28:08 2026,2.873298883
218,21.50397873,,8.68E-05,-0.000849,-0.000346,Tue Apr 14 20:28:31 2026,2.687997341
219,23.97087669,,8.72E-05,-0.000844,-0.000356,Tue Apr 14 20:28:53 2026,2.996359587
220,21.63572311,,8.76E-05,-0.000839,-0.000366,Tue Apr 14 20:29:15 2026,2.704465389
221,21.55878258,,8.80E-05,-0.000842,-0.000376,Tue Apr 14 20:29:38 2026,2.694847822
222,22.23772812,,8.84E-05,-0.000842,-0.000417,Tue Apr 14 20:30:00 2026,2.779716015
223,22.52991295,,8.88E-05,-0.000844,-0.000473,Tue Apr 14 20:30:23 2026,2.816239119
224,22.12262917,,8.92E-05,-0.000852,-0.000529,Tue Apr 14 20:30:46 2026,2.765328646
225,22.25144958,,8.96E-05,-0.000857,-0.00058,Tue Apr 14 20:31:08 2026,2.781431198
226,22.67585373,,9.00E-05,-0.00086,-0.00061,Tue Apr 14 20:31:31 2026,2.834481716
227,21.61170197,,9.04E-05,-0.000862,-0.000631,Tue Apr 14 20:31:54 2026,2.701462746
228,21.66477203,,9.08E-05,-0.000865,-0.000651,Tue Apr 14 20:32:16 2026,2.708096504
229,21.76192474,,9.12E-05,-0.000862,-0.000671,Tue Apr 14 20:32:39 2026,2.720240593
230,22.01296043,,9.16E-05,-0.000857,-0.000676,Tue Apr 14 20:33:01 2026,2.751620054
231,21.7203331,,9.20E-05,-0.000849,-0.000682,Tue Apr 14 20:33:24 2026,2.715041637
232,21.77160263,,9.24E-05,-0.000847,-0.000687,Tue Apr 14 20:33:47 2026,2.721450329
233,21.85608864,,9.28E-05,-0.000847,-0.000717,Tue Apr 14 20:34:09 2026,2.73201108
234,21.25053406,,9.32E-05,-0.000849,-0.000748,Tue Apr 14 20:34:32 2026,2.656316757
235,21.65564728,,9.36E-05,-0.000852,-0.000793,Tue Apr 14 20:34:54 2026,2.70695591
236,21.28429031,,9.40E-05,-0.000854,-0.000829,Tue Apr 14 20:35:17 2026,2.660536289
237,22.07423019,,9.44E-05,-0.000849,-0.000844,Tue Apr 14 20:35:40 2026,2.759278774
238,21.60322762,,9.48E-05,-0.000849,-0.000854,Tue Apr 14 20:36:02 2026,2.700403452
239,21.65469933,,9.52E-05,-0.000844,-0.000854,Tue Apr 14 20:36:25 2026,2.706837416
240,22.3243866,,9.56E-05,-0.000842,-0.000854,Tue Apr 14 20:36:47 2026,2.790548325
241,22.26319885,,9.60E-05,-0.000842,-0.000865,Tue Apr 14 20:37:10 2026,2.782899857
242,22.80417633,,9.64E-05,-0.000839,-0.00088,Tue Apr 14 20:37:33 2026,2.850522041
243,21.23950195,,9.68E-05,-0.000847,-0.00089,Tue Apr 14 20:37:55 2026,2.654937744
244,22.56873131,,9.72E-05,-0.000854,-0.0009,Tue Apr 14 20:38:18 2026,2.821091413
245,21.82178497,,9.76E-05,-0.000867,-0.000916,Tue Apr 14 20:38:40 2026,2.727723122
246,21.70176697,,9.80E-05,-0.00088,-0.000936,Tue Apr 14 20:39:03 2026,2.712720871
247,21.24523163,,9.84E-05,-0.000893,-0.000956,Tue Apr 14 20:39:26 2026,2.655653954
248,21.9137764,,9.88E-05,-0.0009,-0.000966,Tue Apr 14 20:39:48 2026,2.73922205
249,23.33939362,,9.92E-05,-0.000903,-0.000966,Tue Apr 14 20:40:11 2026,2.917424202
250,22.51208496,,9.96E-05,-0.000903,-0.000977,Tue Apr 14 20:40:34 2026,2.81401062
251,22.12203217,,0.0001,-0.000903,-0.000987,Tue Apr 14 20:40:56 2026,2.765254021
252,22.47546577,,1.00E-04,-0.000905,-0.000997,Tue Apr 14 20:41:19 2026,2.809433222
253,21.59095955,,1.00E-04,-0.000908,-0.001007,Tue Apr 14 20:41:42 2026,2.698869944
254,20.83598328,,1.00E-04,-0.000913,-0.001017,Tue Apr 14 20:42:04 2026,2.60449791
255,21.56841278,,1.00E-04,-0.000918,-0.001022,Tue Apr 14 20:42:27 2026,2.696051598
256,21.69242668,,1.00E-04,-0.000923,-0.001027,Tue Apr 14 20:42:49 2026,2.711553335
257,21.80922127,,1.00E-04,-0.000926,-0.001033,Tue Apr 14 20:43:12 2026,2.726152658
258,21.77363396,,1.00E-04,-0.000933,-0.001043,Tue Apr 14 20:43:35 2026,2.721704245
259,20.96916389,,1.00E-04,-0.000944,-0.001043,Tue Apr 14 20:43:57 2026,2.621145487
260,21.83259392,,1.00E-04,-0.000951,-0.001058,Tue Apr 14 20:44:20 2026,2.72907424
261,21.11548805,,1.00E-04,-0.000959,-0.001073,Tue Apr 14 20:44:43 2026,2.639436007
262,21.50720787,,1.00E-04,-0.000964,-0.001088,Tue Apr 14 20:45:07 2026,2.688400984
263,21.53023338,,1.00E-04,-0.000969,-0.001104,Tue Apr 14 20:45:30 2026,2.691279173
264,20.86129951,,1.00E-04,-0.000971,-0.001114,Tue Apr 14 20:45:53 2026,2.607662439
265,21.97161484,,1.00E-04,-0.000977,-0.001124,Tue Apr 14 20:46:16 2026,2.746451855
266,22.22577667,,1.00E-04,-0.000979,-0.001134,Tue Apr 14 20:46:45 2026,2.778222084
267,21.55830193,,1.00E-04,-0.000982,-0.001144,Tue Apr 14 20:47:14 2026,2.694787741
268,21.51080322,,1.00E-04,-0.000982,-0.001144,Tue Apr 14 20:47:43 2026,2.688850403
269,21.64881516,,1.00E-04,-0.000984,-0.001144,Tue Apr 14 20:48:13 2026,2.706101894
270,21.59102821,,1.00E-04,-0.000984,-0.001134,Tue Apr 14 20:48:41 2026,2.698878527
271,22.39141083,,1.00E-04,-0.000984,-0.001124,Tue Apr 14 20:49:07 2026,2.798926353
272,22.48617172,,1.00E-04,-0.000987,-0.001114,Tue Apr 14 20:49:33 2026,2.810771465
273,21.48538589,,1.00E-04,-0.000987,-0.001114,Tue Apr 14 20:50:01 2026,2.685673237
274,32.13409042,,1.00E-04,-0.000989,-0.001155,Tue Apr 14 20:51:48 2026,4.016761303
275,21.64941406,,1.00E-04,-0.000994,-0.001165,Tue Apr 14 20:52:15 2026,2.706176758
276,21.69107437,,1.00E-04,-0.000999,-0.00117,Tue Apr 14 20:52:41 2026,2.711384296
277,21.06840706,,1.00E-04,-0.001005,-0.001175,Tue Apr 14 20:53:07 2026,2.633550882
278,22.00148773,,1.00E-04,-0.00101,-0.00118,Tue Apr 14 20:53:34 2026,2.750185966
279,21.5177784,,1.00E-04,-0.001015,-0.001175,Tue Apr 14 20:54:00 2026,2.6897223
280,22.33651161,,1.00E-04,-0.00102,-0.001175,Tue Apr 14 20:54:23 2026,2.792063951
281,21.83337593,,1.00E-04,-0.001022,-0.001175,Tue Apr 14 20:55:53 2026,2.729171991
282,21.94607544,,1.00E-04,-0.001027,-0.001175,Tue Apr 14 20:56:22 2026,2.74325943
283,21.98643494,,1.00E-04,-0.001035,-0.001175,Tue Apr 14 20:56:48 2026,2.748304367
284,22.18005753,,1.00E-04,-0.001045,-0.001175,Tue Apr 14 20:57:12 2026,2.772507191
285,21.84726715,,1.00E-04,-0.001053,-0.001175,Tue Apr 14 20:57:36 2026,2.730908394
286,22.22984123,,1.00E-04,-0.00106,-0.001175,Tue Apr 14 20:57:58 2026,2.778730154
287,21.48292351,,1.00E-04,-0.001066,-0.001175,Tue Apr 14 20:58:21 2026,2.685365438
288,21.34218597,,1.00E-04,-0.001071,-0.001175,Tue Apr 14 20:59:47 2026,2.667773247
289,21.57111359,,1.00E-04,-0.001073,-0.001175,Tue Apr 14 21:00:10 2026,2.696389198
290,21.5790329,,1.00E-04,-0.001071,-0.001175,Tue Apr 14 21:00:34 2026,2.697379112
291,21.42863464,,1.00E-04,-0.001076,-0.001175,Tue Apr 14 21:00:57 2026,2.67857933
292,21.55114555,,1.00E-04,-0.001078,-0.001195,Tue Apr 14 21:01:20 2026,2.693893194
293,21.97521591,,1.00E-04,-0.001078,-0.001216,Tue Apr 14 21:01:43 2026,2.746901989
294,21.36336899,,1.00E-04,-0.001083,-0.001221,Tue Apr 14 21:02:06 2026,2.670421124
295,21.60115814,,1.00E-04,-0.001086,-0.001236,Tue Apr 14 21:02:28 2026,2.700144768
296,21.25767708,,1.00E-04,-0.001091,-0.001236,Tue Apr 14 21:02:51 2026,2.657209635
297,21.83498764,,1.00E-04,-0.001096,-0.001226,Tue Apr 14 21:03:13 2026,2.729373455
298,21.08501625,,1.00E-04,-0.001104,-0.001216,Tue Apr 14 21:03:36 2026,2.635627031
299,22.31399536,,1.00E-04,-0.001109,-0.001205,Tue Apr 14 21:04:03 2026,2.78924942
300,21.74332047,,1.00E-04,-0.001111,-0.001205,Tue Apr 14 21:04:32 2026,2.717915058
300,,2.751437426,,-0.001111,-0.001205,Tue Apr 14 21:04:56 2026,
301,22.22898293,,1.00E-04,-0.001116,-0.001216,Tue Apr 14 21:05:33 2026,2.778622866
302,21.99612427,,1.00E-04,-0.001124,-0.001246,Tue Apr 14 21:06:01 2026,2.749515533
303,21.60093307,,1.00E-04,-0.001127,-0.001261,Tue Apr 14 21:06:28 2026,2.700116634
304,21.63717079,,1.00E-04,-0.001132,-0.001256,Tue Apr 14 21:06:55 2026,2.704646349
305,22.05996704,,1.00E-04,-0.001134,-0.001251,Tue Apr 14 21:07:21 2026,2.75749588
306,21.79321289,,1.00E-04,-0.001132,-0.001236,Tue Apr 14 21:07:50 2026,2.724151611
307,22.07372665,,1.00E-04,-0.001129,-0.001221,Tue Apr 14 21:08:16 2026,2.759215832
308,22.76074219,,1.00E-04,-0.001127,-0.001211,Tue Apr 14 21:08:43 2026,2.845092773
309,21.24895477,,1.00E-04,-0.001124,-0.001211,Tue Apr 14 21:09:10 2026,2.656119347
310,23.73922539,,1.00E-04,-0.001127,-0.001211,Tue Apr 14 21:09:37 2026,2.967403173
311,21.39779282,,1.00E-04,-0.001134,-0.001216,Tue Apr 14 21:10:05 2026,2.674724102
312,21.29392052,,1.00E-04,-0.001149,-0.001216,Tue Apr 14 21:10:36 2026,2.661740065
313,21.98458862,,1.00E-04,-0.001162,-0.001221,Tue Apr 14 21:11:04 2026,2.748073578
314,22.29579163,,1.00E-04,-0.001167,-0.001226,Tue Apr 14 21:11:31 2026,2.786973953
315,21.89677429,,1.00E-04,-0.001172,-0.001226,Tue Apr 14 21:11:57 2026,2.737096786
316,22.00991631,,1.00E-04,-0.001177,-0.001216,Tue Apr 14 21:12:24 2026,2.751239538
317,22.44977379,,1.00E-04,-0.001172,-0.001205,Tue Apr 14 21:13:48 2026,2.806221724
318,21.37789726,,1.00E-04,-0.001175,-0.001205,Tue Apr 14 21:14:56 2026,2.672237158
319,21.43733978,,9.99E-05,-0.001177,-0.001205,Tue Apr 14 21:15:24 2026,2.679667473
320,21.53738213,,9.99E-05,-0.00119,-0.001216,Tue Apr 14 21:15:53 2026,2.692172766
321,21.7785244,,9.99E-05,-0.001203,-0.001221,Tue Apr 14 21:16:21 2026,2.72231555
322,21.4991169,,9.99E-05,-0.001216,-0.001231,Tue Apr 14 21:16:50 2026,2.687389612
323,21.55670357,,9.99E-05,-0.001218,-0.001231,Tue Apr 14 21:18:09 2026,2.694587946
324,21.6581955,,9.99E-05,-0.001221,-0.001231,Tue Apr 14 21:19:06 2026,2.707274437
325,21.0481472,,9.99E-05,-0.001228,-0.001221,Tue Apr 14 21:19:33 2026,2.6310184
326,21.44901466,,9.99E-05,-0.001233,-0.001211,Tue Apr 14 21:19:59 2026,2.681126833
327,21.07722855,,9.99E-05,-0.001239,-0.0012,Tue Apr 14 21:20:26 2026,2.634653568
328,21.90830231,,9.99E-05,-0.001239,-0.00119,Tue Apr 14 21:20:53 2026,2.738537788
329,21.39408493,,9.99E-05,-0.001239,-0.00119,Tue Apr 14 21:21:21 2026,2.674260616
330,21.46390533,,9.99E-05,-0.001241,-0.00119,Tue Apr 14 21:22:44 2026,2.682988167
331,22.1217556,,9.99E-05,-0.001244,-0.00119,Tue Apr 14 21:23:10 2026,2.76521945
332,22.06213188,,9.99E-05,-0.001246,-0.001195,Tue Apr 14 21:23:38 2026,2.757766485
333,22.60823822,,9.99E-05,-0.001244,-0.0012,Tue Apr 14 21:24:07 2026,2.826029778
334,21.03971863,,9.99E-05,-0.001251,-0.00119,Tue Apr 14 21:24:36 2026,2.629964828
335,22.37842178,,9.99E-05,-0.001259,-0.00118,Tue Apr 14 21:25:06 2026,2.797302723
336,21.62726021,,9.99E-05,-0.001266,-0.00117,Tue Apr 14 21:26:29 2026,2.703407526
337,21.51292992,,9.99E-05,-0.001272,-0.00116,Tue Apr 14 21:26:56 2026,2.68911624
338,21.0653553,,9.99E-05,-0.001277,-0.00116,Tue Apr 14 21:27:22 2026,2.633169413
339,21.74126434,,9.99E-05,-0.001279,-0.00116,Tue Apr 14 21:27:48 2026,2.717658043
340,23.16134644,,9.99E-05,-0.001279,-0.001149,Tue Apr 14 21:28:15 2026,2.895168304
341,22.33294296,,9.99E-05,-0.001279,-0.001149,Tue Apr 14 21:28:43 2026,2.79161787
342,21.94412804,,9.99E-05,-0.001279,-0.001149,Tue Apr 14 21:29:46 2026,2.743016005
343,22.2800808,,9.99E-05,-0.001284,-0.001149,Tue Apr 14 21:30:49 2026,2.785010099
344,21.42186737,,9.99E-05,-0.001287,-0.001149,Tue Apr 14 21:31:15 2026,2.677733421
345,20.67053413,,9.99E-05,-0.001289,-0.001144,Tue Apr 14 21:31:42 2026,2.583816767
346,21.37430763,,9.99E-05,-0.001292,-0.001129,Tue Apr 14 21:32:09 2026,2.671788454
347,21.51294136,,9.99E-05,-0.001297,-0.001129,Tue Apr 14 21:32:35 2026,2.68911767
348,21.63680649,,9.99E-05,-0.0013,-0.001129,Tue Apr 14 21:33:03 2026,2.704600811
349,21.59403992,,9.99E-05,-0.0013,-0.001129,Tue Apr 14 21:34:27 2026,2.69925499
350,20.78543854,,9.99E-05,-0.001305,-0.001129,Tue Apr 14 21:34:55 2026,2.598179817
351,21.66197777,,9.99E-05,-0.001307,-0.001134,Tue Apr 14 21:35:23 2026,2.707747221
352,20.94726372,,9.99E-05,-0.00131,-0.001139,Tue Apr 14 21:35:52 2026,2.618407965
353,21.34235001,,9.99E-05,-0.001312,-0.001134,Tue Apr 14 21:36:21 2026,2.667793751
354,21.34322739,,9.99E-05,-0.001317,-0.001139,Tue Apr 14 21:36:51 2026,2.667903423
355,20.68931961,,9.99E-05,-0.001322,-0.001139,Tue Apr 14 21:37:19 2026,2.586164951
356,21.82319832,,9.99E-05,-0.001328,-0.001144,Tue Apr 14 21:37:47 2026,2.72789979
357,22.08263206,,9.99E-05,-0.00133,-0.001149,Tue Apr 14 21:38:14 2026,2.760329008
358,21.42362404,,9.99E-05,-0.001338,-0.001149,Tue Apr 14 21:38:41 2026,2.677953005
359,21.35487556,,9.99E-05,-0.00134,-0.001149,Tue Apr 14 21:39:10 2026,2.669359446
360,21.47597313,,9.99E-05,-0.001343,-0.001149,Tue Apr 14 21:39:38 2026,2.684496641
361,21.43022156,,9.99E-05,-0.00134,-0.001149,Tue Apr 14 21:40:03 2026,2.678777695
362,22.23663521,,9.99E-05,-0.001338,-0.001149,Tue Apr 14 21:40:25 2026,2.779579401
363,22.32472992,,9.99E-05,-0.001335,-0.001139,Tue Apr 14 21:40:48 2026,2.79059124
364,21.31841087,,9.99E-05,-0.001333,-0.001129,Tue Apr 14 21:41:11 2026,2.664801359
365,31.86344147,,9.99E-05,-0.00133,-0.001119,Tue Apr 14 21:41:46 2026,3.982930183
366,21.46408844,,9.99E-05,-0.001328,-0.001119,Tue Apr 14 21:42:09 2026,2.683011055
367,21.50352669,,9.99E-05,-0.001325,-0.001119,Tue Apr 14 21:42:32 2026,2.687940836
368,20.88236618,,9.99E-05,-0.001325,-0.001114,Tue Apr 14 21:42:54 2026,2.610295773
369,21.81328011,,9.98E-05,-0.001328,-0.001109,Tue Apr 14 21:43:17 2026,2.726660013
370,21.31107712,,9.98E-05,-0.001328,-0.001104,Tue Apr 14 21:43:39 2026,2.66388464
371,22.14738083,,9.98E-05,-0.001328,-0.001099,Tue Apr 14 21:44:02 2026,2.768422604
372,21.64059448,,9.98E-05,-0.001328,-0.001094,Tue Apr 14 21:44:25 2026,2.70507431
373,21.76315689,,9.98E-05,-0.001328,-0.001094,Tue Apr 14 21:44:47 2026,2.720394611
374,21.80833054,,9.98E-05,-0.001328,-0.001094,Tue Apr 14 21:45:10 2026,2.726041317
375,21.99845886,,9.98E-05,-0.001322,-0.001094,Tue Apr 14 21:45:33 2026,2.749807358
376,21.67996597,,9.98E-05,-0.00132,-0.001094,Tue Apr 14 21:45:55 2026,2.709995747
377,22.03927994,,9.98E-05,-0.00132,-0.001094,Tue Apr 14 21:46:18 2026,2.754909992
378,21.28827095,,9.98E-05,-0.00132,-0.001094,Tue Apr 14 21:46:41 2026,2.661033869
379,21.15354347,,9.98E-05,-0.001317,-0.001094,Tue Apr 14 21:47:03 2026,2.644192934
380,21.39405632,,9.98E-05,-0.001315,-0.001094,Tue Apr 14 21:47:26 2026,2.67425704
381,21.3649292,,9.98E-05,-0.001312,-0.001094,Tue Apr 14 21:47:49 2026,2.67061615
382,21.23735428,,9.98E-05,-0.001312,-0.001094,Tue Apr 14 21:48:11 2026,2.654669285
383,21.35379601,,9.98E-05,-0.001312,-0.001104,Tue Apr 14 21:48:34 2026,2.669224501
384,21.76851273,,9.98E-05,-0.001307,-0.001104,Tue Apr 14 21:48:56 2026,2.721064091
385,21.17363358,,9.98E-05,-0.001302,-0.001104,Tue Apr 14 21:49:19 2026,2.646704197
386,21.41111374,,9.98E-05,-0.0013,-0.001099,Tue Apr 14 21:49:42 2026,2.676389217
387,21.03705025,,9.98E-05,-0.001297,-0.001099,Tue Apr 14 21:50:04 2026,2.629631281
388,21.61205673,,9.98E-05,-0.001297,-0.001099,Tue Apr 14 21:50:27 2026,2.701507092
389,20.88963127,,9.98E-05,-0.001297,-0.001088,Tue Apr 14 21:50:50 2026,2.611203909
390,22.10906982,,9.98E-05,-0.001289,-0.001073,Tue Apr 14 21:51:12 2026,2.763633728
391,21.51309586,,9.98E-05,-0.001287,-0.001063,Tue Apr 14 21:51:35 2026,2.689136982
392,22.02763176,,9.98E-05,-0.001279,-0.001053,Tue Apr 14 21:51:58 2026,2.75345397
393,21.78147125,,9.98E-05,-0.001272,-0.001053,Tue Apr 14 21:52:20 2026,2.722683907
394,21.38602066,,9.98E-05,-0.001274,-0.001063,Tue Apr 14 21:52:43 2026,2.673252583
395,21.42084312,,9.98E-05,-0.001266,-0.001063,Tue Apr 14 21:53:06 2026,2.677605391
396,21.83584595,,9.98E-05,-0.001259,-0.001063,Tue Apr 14 21:53:28 2026,2.729480743
397,21.56537628,,9.98E-05,-0.001249,-0.001063,Tue Apr 14 21:53:51 2026,2.695672035
398,21.83727455,,9.98E-05,-0.001239,-0.001063,Tue Apr 14 21:54:13 2026,2.729659319
399,22.53938293,,9.98E-05,-0.001233,-0.001063,Tue Apr 14 21:54:36 2026,2.817422867
400,20.99246788,,9.98E-05,-0.001223,-0.001063,Tue Apr 14 21:54:59 2026,2.624058485
400,,2.719602823,,-0.001223,-0.001063,Tue Apr 14 21:55:19 2026,
401,23.49089622,,9.98E-05,-0.001221,-0.001063,Tue Apr 14 21:55:46 2026,2.936362028
402,21.13465118,,9.98E-05,-0.001223,-0.001063,Tue Apr 14 21:56:09 2026,2.641831398
403,21.03547859,,9.97E-05,-0.001223,-0.001063,Tue Apr 14 21:56:32 2026,2.629434824
404,21.73193359,,9.97E-05,-0.001223,-0.001053,Tue Apr 14 21:56:54 2026,2.716491699
405,22.04737663,,9.97E-05,-0.001218,-0.001043,Tue Apr 14 21:57:17 2026,2.755922079
406,21.6447258,,9.97E-05,-0.001218,-0.001043,Tue Apr 14 21:57:39 2026,2.705590725
407,21.75994301,,9.97E-05,-0.001203,-0.001043,Tue Apr 14 21:58:02 2026,2.719992876
408,22.1996727,,9.97E-05,-0.001195,-0.001043,Tue Apr 14 21:58:25 2026,2.774959087
409,21.12762642,,9.97E-05,-0.00119,-0.001033,Tue Apr 14 21:58:47 2026,2.640953302
410,21.1558342,,9.97E-05,-0.001185,-0.001022,Tue Apr 14 21:59:10 2026,2.644479275
411,21.25697327,,9.97E-05,-0.00118,-0.001022,Tue Apr 14 21:59:32 2026,2.657121658
412,21.49925232,,9.97E-05,-0.001175,-0.001022,Tue Apr 14 21:59:55 2026,2.68740654
413,21.2080307,,9.97E-05,-0.00117,-0.001022,Tue Apr 14 22:00:18 2026,2.651003838
414,21.27552795,,9.97E-05,-0.001162,-0.001012,Tue Apr 14 22:00:40 2026,2.659440994
415,21.37122345,,9.97E-05,-0.001155,-0.001002,Tue Apr 14 22:01:03 2026,2.671402931
416,20.75238037,,9.97E-05,-0.001149,-0.000992,Tue Apr 14 22:01:26 2026,2.594047546
417,21.15750313,,9.97E-05,-0.001139,-0.001002,Tue Apr 14 22:01:48 2026,2.644687891
418,20.78339005,,9.97E-05,-0.001134,-0.001002,Tue Apr 14 22:02:11 2026,2.597923756
419,21.665308,,9.97E-05,-0.001134,-0.001022,Tue Apr 14 22:02:34 2026,2.7081635
420,21.09660339,,9.97E-05,-0.001134,-0.001033,Tue Apr 14 22:02:56 2026,2.637075424
421,21.17165756,,9.97E-05,-0.001129,-0.001033,Tue Apr 14 22:03:19 2026,2.646457195
422,21.82813835,,9.97E-05,-0.001124,-0.001033,Tue Apr 14 22:03:42 2026,2.728517294
423,21.76235199,,9.97E-05,-0.001119,-0.001033,Tue Apr 14 22:04:04 2026,2.720293999
424,22.31641579,,9.97E-05,-0.001114,-0.001033,Tue Apr 14 22:04:27 2026,2.789551973
425,20.72195816,,9.97E-05,-0.001109,-0.001033,Tue Apr 14 22:04:50 2026,2.59024477
426,22.07767677,,9.97E-05,-0.001104,-0.001033,Tue Apr 14 22:05:12 2026,2.759709597
427,21.31298637,,9.97E-05,-0.001099,-0.001033,Tue Apr 14 22:05:35 2026,2.664123297
428,21.19175911,,9.97E-05,-0.001099,-0.001033,Tue Apr 14 22:05:57 2026,2.648969889
429,20.75309181,,9.97E-05,-0.001099,-0.001033,Tue Apr 14 22:06:20 2026,2.594136477
430,21.41125488,,9.97E-05,-0.001099,-0.001033,Tue Apr 14 22:06:43 2026,2.67640686
431,22.8486042,,9.96E-05,-0.001094,-0.001033,Tue Apr 14 22:07:05 2026,2.856075525
432,22.01537132,,9.96E-05,-0.001088,-0.001022,Tue Apr 14 22:07:28 2026,2.751921415
433,21.6203289,,9.96E-05,-0.001083,-0.001007,Tue Apr 14 22:07:51 2026,2.702541113
434,21.94816589,,9.96E-05,-0.001083,-0.000992,Tue Apr 14 22:08:13 2026,2.743520737
435,21.09332085,,9.96E-05,-0.001083,-0.000987,Tue Apr 14 22:08:36 2026,2.636665106
436,20.32878113,,9.96E-05,-0.001083,-0.000982,Tue Apr 14 22:08:58 2026,2.541097641
437,21.03371239,,9.96E-05,-0.001083,-0.000982,Tue Apr 14 22:09:21 2026,2.629214048
438,21.13892365,,9.96E-05,-0.001083,-0.000982,Tue Apr 14 22:09:44 2026,2.642365456
439,21.28246307,,9.96E-05,-0.001078,-0.000982,Tue Apr 14 22:10:06 2026,2.660307884
440,21.23507881,,9.96E-05,-0.001073,-0.000982,Tue Apr 14 22:10:29 2026,2.654384851
441,20.43273544,,9.96E-05,-0.001068,-0.000982,Tue Apr 14 22:10:52 2026,2.55409193
442,21.40896416,,9.96E-05,-0.001063,-0.000982,Tue Apr 14 22:11:14 2026,2.67612052
443,20.59224319,,9.96E-05,-0.001058,-0.000982,Tue Apr 14 22:11:37 2026,2.574030399
444,20.9604187,,9.96E-05,-0.001053,-0.000982,Tue Apr 14 22:12:00 2026,2.620052338
445,20.97789955,,9.96E-05,-0.001048,-0.000992,Tue Apr 14 22:12:22 2026,2.622237444
446,20.29986954,,9.96E-05,-0.001043,-0.001002,Tue Apr 14 22:12:45 2026,2.537483692
447,21.42341995,,9.96E-05,-0.001038,-0.001002,Tue Apr 14 22:13:07 2026,2.677927494
448,21.67442131,,9.96E-05,-0.001022,-0.001007,Tue Apr 14 22:13:30 2026,2.709302664
449,20.99139214,,9.96E-05,-0.001017,-0.001007,Tue Apr 14 22:13:53 2026,2.623924017
450,20.94568634,,9.96E-05,-0.001017,-0.001007,Tue Apr 14 22:14:15 2026,2.618210793
451,21.08467484,,9.96E-05,-0.001017,-0.000997,Tue Apr 14 22:14:38 2026,2.635584354
452,21.02605629,,9.96E-05,-0.001017,-0.000987,Tue Apr 14 22:15:01 2026,2.628257036
453,21.84211922,,9.96E-05,-0.001012,-0.000977,Tue Apr 14 22:15:23 2026,2.730264902
454,21.92542458,,9.96E-05,-0.001007,-0.000966,Tue Apr 14 22:15:46 2026,2.740678072
455,20.89893341,,9.95E-05,-0.001002,-0.000966,Tue Apr 14 22:16:09 2026,2.612366676
456,31.22788811,,9.95E-05,-0.000982,-0.000966,Tue Apr 14 22:16:44 2026,3.903486013
457,21.06306076,,9.95E-05,-0.000961,-0.000966,Tue Apr 14 22:17:07 2026,2.632882595
458,21.07149887,,9.95E-05,-0.000941,-0.000966,Tue Apr 14 22:17:30 2026,2.633937359
459,20.43618774,,9.95E-05,-0.000921,-0.000971,Tue Apr 14 22:17:53 2026,2.554523468
460,21.36911774,,9.95E-05,-0.000921,-0.000966,Tue Apr 14 22:18:15 2026,2.671139717
461,20.8621254,,9.95E-05,-0.0009,-0.000971,Tue Apr 14 22:18:38 2026,2.607765675
462,21.73569489,,9.95E-05,-0.000895,-0.000977,Tue Apr 14 22:19:00 2026,2.716961861
463,21.21677589,,9.95E-05,-0.000895,-0.000987,Tue Apr 14 22:19:23 2026,2.652096987
464,21.29365158,,9.95E-05,-0.000895,-0.000987,Tue Apr 14 22:19:45 2026,2.661706448
465,21.33921432,,9.95E-05,-0.000895,-0.000997,Tue Apr 14 22:20:08 2026,2.667401791
466,21.53299141,,9.95E-05,-0.000895,-0.000997,Tue Apr 14 22:20:31 2026,2.691623926
467,21.24078751,,9.95E-05,-0.00089,-0.000997,Tue Apr 14 22:20:53 2026,2.655098438
468,21.56855202,,9.95E-05,-0.000885,-0.000997,Tue Apr 14 22:21:16 2026,2.696069002
469,20.80079651,,9.95E-05,-0.00088,-0.000997,Tue Apr 14 22:21:38 2026,2.600099564
470,20.66053391,,9.95E-05,-0.000875,-0.000997,Tue Apr 14 22:22:01 2026,2.582566738
471,20.94272995,,9.95E-05,-0.00087,-0.000997,Tue Apr 14 22:22:24 2026,2.617841244
472,20.8764019,,9.95E-05,-0.000865,-0.000997,Tue Apr 14 22:22:46 2026,2.609550238
473,20.74758148,,9.95E-05,-0.00086,-0.000997,Tue Apr 14 22:23:09 2026,2.593447685
474,20.85725975,,9.95E-05,-0.000854,-0.000997,Tue Apr 14 22:23:32 2026,2.607157469
475,21.2703743,,9.95E-05,-0.000849,-0.000997,Tue Apr 14 22:23:54 2026,2.658796787
476,20.66790581,,9.94E-05,-0.000844,-0.000997,Tue Apr 14 22:24:17 2026,2.583488226
477,20.88829613,,9.94E-05,-0.000839,-0.000997,Tue Apr 14 22:24:40 2026,2.611037016
478,20.51041794,,9.94E-05,-0.000814,-0.000997,Tue Apr 14 22:25:02 2026,2.563802242
479,21.07659531,,9.94E-05,-0.000799,-0.000997,Tue Apr 14 22:25:25 2026,2.634574413
480,20.37681007,,9.94E-05,-0.000773,-0.000997,Tue Apr 14 22:25:47 2026,2.547101259
481,21.58877373,,9.94E-05,-0.000748,-0.000997,Tue Apr 14 22:26:10 2026,2.698596716
482,20.96848679,,9.94E-05,-0.000743,-0.000997,Tue Apr 14 22:26:33 2026,2.621060848
483,21.4944725,,9.94E-05,-0.000738,-0.000997,Tue Apr 14 22:26:55 2026,2.686809063
484,21.22064781,,9.94E-05,-0.000732,-0.000997,Tue Apr 14 22:27:18 2026,2.652580976
485,20.8433094,,9.94E-05,-0.000727,-0.000997,Tue Apr 14 22:27:40 2026,2.605413675
486,20.87069702,,9.94E-05,-0.000722,-0.000992,Tue Apr 14 22:28:03 2026,2.608837128
487,21.28177452,,9.94E-05,-0.000717,-0.000992,Tue Apr 14 22:28:25 2026,2.660221815
488,21.09634399,,9.94E-05,-0.000712,-0.000992,Tue Apr 14 22:28:48 2026,2.637042999
489,21.27214622,,9.94E-05,-0.000707,-0.000992,Tue Apr 14 22:29:11 2026,2.659018278
490,21.98967361,,9.94E-05,-0.000702,-0.000992,Tue Apr 14 22:29:33 2026,2.748709202
491,20.41591263,,9.94E-05,-0.000702,-0.001002,Tue Apr 14 22:29:56 2026,2.551989079
492,22.94994926,,9.94E-05,-0.000702,-0.001002,Tue Apr 14 22:30:19 2026,2.868743658
493,20.54982567,,9.94E-05,-0.000697,-0.001002,Tue Apr 14 22:30:41 2026,2.568728209
494,20.45889664,,9.94E-05,-0.000692,-0.001002,Tue Apr 14 22:31:04 2026,2.55736208
495,21.12178802,,9.94E-05,-0.000687,-0.001002,Tue Apr 14 22:31:27 2026,2.640223503
496,21.43884468,,9.93E-05,-0.000682,-0.001002,Tue Apr 14 22:31:49 2026,2.679855585
497,21.03174019,,9.93E-05,-0.000676,-0.000997,Tue Apr 14 22:32:12 2026,2.628967524
498,21.17479706,,9.93E-05,-0.000671,-0.000997,Tue Apr 14 22:32:34 2026,2.646849632
499,21.61383247,,9.93E-05,-0.000666,-0.000997,Tue Apr 14 22:32:57 2026,2.701729059
500,20.51076126,,9.93E-05,-0.000661,-0.000997,Tue Apr 14 22:33:20 2026,2.563845158
500,,2.641485214,,-0.000661,-0.000997,Tue Apr 14 22:33:40 2026,
501,20.55318069,,9.93E-05,-0.000656,-0.000997,Tue Apr 14 22:34:06 2026,2.569147587
502,20.65343475,,9.93E-05,-0.000651,-0.000997,Tue Apr 14 22:34:28 2026,2.581679344
503,20.88675308,,9.93E-05,-0.000646,-0.000997,Tue Apr 14 22:34:51 2026,2.610844135
504,20.58896255,,9.93E-05,-0.000641,-0.000997,Tue Apr 14 22:35:13 2026,2.573620319
505,20.67110825,,9.93E-05,-0.000636,-0.000997,Tue Apr 14 22:35:36 2026,2.583888531
506,20.75909615,,9.93E-05,-0.000631,-0.000997,Tue Apr 14 22:35:59 2026,2.594887018
507,20.13077354,,9.93E-05,-0.000626,-0.000997,Tue Apr 14 22:36:21 2026,2.516346693
508,20.53252411,,9.93E-05,-0.000621,-0.000997,Tue Apr 14 22:36:44 2026,2.566565514
509,20.16669273,,9.93E-05,-0.000615,-0.000997,Tue Apr 14 22:37:06 2026,2.520836592
510,21.09603691,,9.93E-05,-0.00061,-0.000997,Tue Apr 14 22:37:29 2026,2.637004614
511,20.47552872,,9.93E-05,-0.000605,-0.000997,Tue Apr 14 22:37:52 2026,2.55944109
512,20.54991341,,9.93E-05,-0.0006,-0.000997,Tue Apr 14 22:38:14 2026,2.568739176
513,21.20731163,,9.93E-05,-0.000595,-0.000997,Tue Apr 14 22:38:37 2026,2.650913954
514,21.17151642,,9.92E-05,-0.00059,-0.000997,Tue Apr 14 22:39:00 2026,2.646439552
515,21.67556953,,9.92E-05,-0.000585,-0.000997,Tue Apr 14 22:39:23 2026,2.709446192
516,20.08139801,,9.92E-05,-0.00058,-0.000997,Tue Apr 14 22:39:46 2026,2.510174751
517,21.45249176,,9.92E-05,-0.000575,-0.000997,Tue Apr 14 22:40:09 2026,2.68156147
518,20.6729126,,9.92E-05,-0.00057,-0.000997,Tue Apr 14 22:40:31 2026,2.584114075
519,20.55267143,,9.92E-05,-0.000565,-0.000997,Tue Apr 14 22:40:54 2026,2.569083929
520,20.1284523,,9.92E-05,-0.000559,-0.000992,Tue Apr 14 22:41:18 2026,2.516056538
521,20.77326775,,9.92E-05,-0.000554,-0.000992,Tue Apr 14 22:41:42 2026,2.596658468
522,22.18637085,,9.92E-05,-0.000549,-0.000992,Tue Apr 14 22:42:05 2026,2.773296356
523,21.37051773,,9.92E-05,-0.000544,-0.000987,Tue Apr 14 22:42:27 2026,2.671314716
524,20.9804287,,9.92E-05,-0.000539,-0.000982,Tue Apr 14 22:42:50 2026,2.622553587
525,21.29185677,,9.92E-05,-0.000534,-0.000977,Tue Apr 14 22:43:13 2026,2.661482096
526,20.44345856,,9.92E-05,-0.000529,-0.000971,Tue Apr 14 22:43:35 2026,2.55543232
527,19.69274712,,9.92E-05,-0.000524,-0.000971,Tue Apr 14 22:43:58 2026,2.46159339
528,20.38018417,,9.92E-05,-0.000519,-0.000971,Tue Apr 14 22:44:22 2026,2.547523022
529,20.45952415,,9.92E-05,-0.000519,-0.000971,Tue Apr 14 22:44:46 2026,2.557440519
530,20.59613609,,9.92E-05,-0.000519,-0.000971,Tue Apr 14 22:45:09 2026,2.574517012
531,20.55699921,,9.91E-05,-0.000519,-0.000971,Tue Apr 14 22:45:31 2026,2.569624901
532,19.80880356,,9.91E-05,-0.000509,-0.000971,Tue Apr 14 22:45:54 2026,2.476100445
533,20.85766411,,9.91E-05,-0.000498,-0.000971,Tue Apr 14 22:46:17 2026,2.607208014
534,19.95036125,,9.91E-05,-0.000488,-0.000971,Tue Apr 14 22:47:42 2026,2.493795156
535,20.28907013,,9.91E-05,-0.000478,-0.000971,Tue Apr 14 22:48:04 2026,2.536133766
536,20.31213379,,9.91E-05,-0.000468,-0.000971,Tue Apr 14 22:48:27 2026,2.539016724
537,19.61196327,,9.91E-05,-0.000468,-0.000971,Tue Apr 14 22:48:50 2026,2.451495409
538,20.7353344,,9.91E-05,-0.000468,-0.000971,Tue Apr 14 22:49:13 2026,2.5919168
539,20.97782516,,9.91E-05,-0.000468,-0.000971,Tue Apr 14 22:49:35 2026,2.622228146
540,20.31069183,,9.91E-05,-0.000468,-0.000966,Tue Apr 14 22:50:20 2026,2.538836479
541,20.28224945,,9.91E-05,-0.000468,-0.000966,Tue Apr 14 22:51:37 2026,2.535281181
542,20.41917419,,9.91E-05,-0.000468,-0.000966,Tue Apr 14 22:51:59 2026,2.552396774
543,20.34610748,,9.91E-05,-0.000458,-0.000961,Tue Apr 14 22:52:22 2026,2.543263435
544,21.15257072,,9.91E-05,-0.000448,-0.000961,Tue Apr 14 22:52:45 2026,2.644071341
545,21.27056503,,9.91E-05,-0.000437,-0.000961,Tue Apr 14 22:53:07 2026,2.658820629
546,20.20229721,,9.91E-05,-0.000427,-0.000961,Tue Apr 14 22:53:30 2026,2.525287151
547,30.21997833,,9.90E-05,-0.000417,-0.000961,Tue Apr 14 22:56:57 2026,3.777497292
548,20.41619492,,9.90E-05,-0.000412,-0.000961,Tue Apr 14 22:57:19 2026,2.552024364
549,20.38378143,,9.90E-05,-0.000407,-0.000961,Tue Apr 14 22:57:41 2026,2.547972679
550,19.77657509,,9.90E-05,-0.000397,-0.000961,Tue Apr 14 22:58:04 2026,2.472071886
551,20.67824173,,9.90E-05,-0.000387,-0.000961,Tue Apr 14 22:58:26 2026,2.584780216
552,20.19114685,,9.90E-05,-0.000376,-0.000961,Tue Apr 14 22:58:48 2026,2.523893356
553,21.07630348,,9.90E-05,-0.000366,-0.000956,Tue Apr 14 22:59:11 2026,2.634537935
554,20.56522751,,9.90E-05,-0.000356,-0.000961,Tue Apr 14 22:59:33 2026,2.570653439
555,19.89819336,,9.90E-05,-0.000346,-0.000966,Tue Apr 14 23:04:54 2026,2.48727417
556,20.790411,,9.90E-05,-0.000336,-0.000971,Tue Apr 14 23:05:16 2026,2.598801374
557,20.00869179,,9.90E-05,-0.000326,-0.000982,Tue Apr 14 23:05:39 2026,2.501086473
558,20.05173683,,9.90E-05,-0.000315,-0.000982,Tue Apr 14 23:06:01 2026,2.506467104
559,19.73930931,,9.90E-05,-0.000326,-0.000982,Tue Apr 14 23:18:49 2026,2.467413664
560,20.75976563,,9.90E-05,-0.000336,-0.000982,Tue Apr 14 23:19:11 2026,2.594970703
561,20.21901703,,9.90E-05,-0.000346,-0.000977,Tue Apr 14 23:19:33 2026,2.527377129
562,20.20659447,,9.89E-05,-0.000356,-0.000971,Tue Apr 14 23:19:55 2026,2.525824308
563,20.60960007,,9.89E-05,-0.000371,-0.000971,Tue Apr 14 23:20:17 2026,2.576200008
564,21.4717617,,9.89E-05,-0.000381,-0.000971,Tue Apr 14 23:20:39 2026,2.683970213
565,21.13111877,,9.89E-05,-0.000392,-0.000971,Tue Apr 14 23:21:02 2026,2.641389847
566,20.72002983,,9.89E-05,-0.000381,-0.000971,Tue Apr 14 23:21:24 2026,2.590003729
567,20.29847145,,9.89E-05,-0.000351,-0.000971,Tue Apr 14 23:21:46 2026,2.537308931
568,20.48296547,,9.89E-05,-0.00032,-0.000971,Tue Apr 14 23:22:09 2026,2.560370684
569,20.60631752,,9.89E-05,-0.00029,-0.000971,Tue Apr 14 23:22:31 2026,2.57578969
570,20.75738907,,9.89E-05,-0.000259,-0.000971,Tue Apr 14 23:22:54 2026,2.594673634
571,20.80002594,,9.89E-05,-0.000229,-0.000971,Tue Apr 14 23:23:16 2026,2.600003242
572,19.47297096,,9.89E-05,-0.000198,-0.000971,Tue Apr 14 23:23:39 2026,2.43412137
573,20.37125969,,9.89E-05,-0.000198,-0.000971,Tue Apr 14 23:24:01 2026,2.546407461
574,20.45882034,,9.89E-05,-0.000198,-0.000971,Tue Apr 14 23:24:24 2026,2.557352543
575,20.21700478,,9.89E-05,-0.000198,-0.000971,Tue Apr 14 23:24:46 2026,2.527125597
576,20.74836922,,9.88E-05,-0.000198,-0.000982,Tue Apr 14 23:25:09 2026,2.593546152
577,20.05451202,,9.88E-05,-0.000198,-0.000987,Tue Apr 14 23:25:32 2026,2.506814003
578,20.25936508,,9.88E-05,-0.000198,-0.000982,Tue Apr 14 23:25:54 2026,2.532420635
579,20.02471542,,9.88E-05,-0.000209,-0.000977,Tue Apr 14 23:26:17 2026,2.503089428
580,19.92830086,,9.88E-05,-0.000219,-0.000971,Tue Apr 14 23:26:39 2026,2.491037607
581,19.95562935,,9.88E-05,-0.000229,-0.000966,Tue Apr 14 23:27:02 2026,2.494453669
582,19.51917076,,9.88E-05,-0.000239,-0.000961,Tue Apr 14 23:27:24 2026,2.439896345
583,19.68130302,,9.88E-05,-0.000249,-0.000956,Tue Apr 14 23:27:47 2026,2.460162878
584,20.85038376,,9.88E-05,-0.000224,-0.000956,Tue Apr 14 23:28:10 2026,2.60629797
585,20.76504517,,9.88E-05,-0.000193,-0.000956,Tue Apr 14 23:28:32 2026,2.595630646
586,20.56602859,,9.88E-05,-0.000163,-0.000956,Tue Apr 14 23:28:55 2026,2.570753574
587,20.11708832,,9.88E-05,-0.000132,-0.000956,Tue Apr 14 23:29:17 2026,2.51463604
588,20.48162651,,9.88E-05,-0.000102,-0.000951,Tue Apr 14 23:29:40 2026,2.560203314
589,19.68321037,,9.88E-05,-0.000071,-0.000946,Tue Apr 14 23:30:02 2026,2.460401297
590,20.31647301,,9.87E-05,-0.000041,-0.000946,Tue Apr 14 23:30:25 2026,2.539559126
591,20.61568832,,9.87E-05,-0.00001,-0.000956,Tue Apr 14 23:30:48 2026,2.57696104
592,20.62234116,,9.87E-05,0.00002,-0.000966,Tue Apr 14 23:31:10 2026,2.577792645
593,20.49687004,,9.87E-05,0.000051,-0.000977,Tue Apr 14 23:31:33 2026,2.562108755
594,20.28445053,,9.87E-05,0.000041,-0.000987,Tue Apr 14 23:31:55 2026,2.535556316
595,21.69114113,,9.87E-05,0.000031,-0.000987,Tue Apr 14 23:32:18 2026,2.711392641
596,19.94340134,,9.87E-05,0.000061,-0.000987,Tue Apr 14 23:32:41 2026,2.492925167
597,19.22209167,,9.87E-05,0.000071,-0.000987,Tue Apr 14 23:33:03 2026,2.402761459
598,20.19324875,,9.87E-05,0.000041,-0.000987,Tue Apr 14 23:33:26 2026,2.524156094
599,20.23306465,,9.87E-05,0.00001,-0.000987,Tue Apr 14 23:33:48 2026,2.529133081
600,19.60806847,,9.87E-05,-0.00002,-0.000987,Tue Apr 14 23:34:11 2026,2.451008558
600,,2.533860683,,-0.00002,-0.000987,Tue Apr 14 23:34:28 2026,
601,20.6528759,,9.87E-05,-0.000051,-0.000982,Tue Apr 14 23:34:53 2026,2.581609488
602,20.61079979,,9.87E-05,-0.000061,-0.000977,Tue Apr 14 23:35:15 2026,2.576349974
603,19.68381691,,9.87E-05,-0.000051,-0.000971,Tue Apr 14 23:35:38 2026,2.460477114
604,19.88730812,,9.86E-05,-0.000041,-0.000966,Tue Apr 14 23:36:00 2026,2.485913515
605,20.31389236,,9.86E-05,-0.000031,-0.000961,Tue Apr 14 23:36:23 2026,2.539236546
606,19.23747444,,9.86E-05,-0.00002,-0.000956,Tue Apr 14 23:36:59 2026,2.404684305
607,19.67289734,,9.86E-05,-0.00001,-0.000951,Tue Apr 14 23:37:22 2026,2.459112167
608,19.8971386,,9.86E-05,0,-0.000946,Tue Apr 14 23:37:45 2026,2.487142324
609,19.44534111,,9.86E-05,0.000031,-0.000941,Tue Apr 14 23:38:07 2026,2.430667639
610,19.76737404,,9.86E-05,0.000061,-0.000936,Tue Apr 14 23:38:30 2026,2.470921755
611,20.01742935,,9.86E-05,0.000051,-0.000931,Tue Apr 14 23:38:54 2026,2.502178669
612,20.11990929,,9.86E-05,0.000041,-0.000936,Tue Apr 14 23:39:16 2026,2.514988661
613,20.15205193,,9.86E-05,0.000071,-0.000941,Tue Apr 14 23:39:42 2026,2.519006491
614,19.43294525,,9.86E-05,0.000102,-0.000946,Tue Apr 14 23:40:05 2026,2.429118156
615,19.90188599,,9.86E-05,0.000132,-0.000941,Tue Apr 14 23:40:28 2026,2.487735748
616,19.56886673,,9.86E-05,0.000163,-0.000936,Tue Apr 14 23:40:50 2026,2.446108341
617,20.77334213,,9.85E-05,0.000173,-0.000931,Tue Apr 14 23:41:13 2026,2.596667767
618,20.03741074,,9.85E-05,0.000183,-0.000926,Tue Apr 14 23:41:36 2026,2.504676342
619,20.47846413,,9.85E-05,0.000193,-0.000921,Tue Apr 14 23:42:55 2026,2.559808016
620,19.89950562,,9.85E-05,0.000203,-0.000916,Tue Apr 14 23:43:17 2026,2.487438202
621,19.46558762,,9.85E-05,0.000214,-0.00091,Tue Apr 14 23:43:40 2026,2.433198452
622,19.61899948,,9.85E-05,0.000224,-0.000905,Tue Apr 14 23:44:04 2026,2.452374935
623,19.31983185,,9.85E-05,0.000234,-0.0009,Tue Apr 14 23:44:27 2026,2.414978981
624,20.2305603,,9.85E-05,0.000244,-0.000905,Tue Apr 14 23:44:49 2026,2.528820038
625,20.17391205,,9.85E-05,0.000254,-0.000921,Tue Apr 14 23:45:12 2026,2.521739006
626,19.79017639,,9.85E-05,0.000264,-0.000926,Tue Apr 14 23:46:31 2026,2.473772049
627,19.45957375,,9.85E-05,0.000275,-0.000931,Tue Apr 14 23:46:54 2026,2.432446718
628,20.80575752,,9.85E-05,0.000285,-0.000926,Tue Apr 14 23:47:16 2026,2.60071969
629,18.7532692,,9.84E-05,0.000295,-0.000921,Tue Apr 14 23:47:40 2026,2.344158649
630,18.96118546,,9.84E-05,0.000326,-0.000926,Tue Apr 14 23:48:02 2026,2.370148182
631,19.52539444,,9.84E-05,0.000356,-0.000931,Tue Apr 14 23:48:25 2026,2.440674305
632,19.17788696,,9.84E-05,0.000387,-0.000946,Tue Apr 14 23:48:48 2026,2.39723587
633,19.05943298,,9.84E-05,0.000417,-0.000961,Tue Apr 14 23:49:11 2026,2.382429123
634,18.74414063,,9.84E-05,0.000448,-0.000966,Tue Apr 14 23:49:34 2026,2.343017578
635,20.27404785,,9.84E-05,0.000437,-0.000971,Tue Apr 14 23:49:56 2026,2.534255981
636,18.72323418,,9.84E-05,0.000427,-0.000966,Tue Apr 14 23:50:19 2026,2.340404272
637,18.98147202,,9.84E-05,0.000417,-0.000961,Tue Apr 14 23:50:41 2026,2.372684002
638,19.22508621,,9.84E-05,0.000407,-0.000956,Tue Apr 14 23:51:04 2026,2.403135777
639,19.0854435,,9.84E-05,0.000397,-0.000951,Tue Apr 14 23:51:28 2026,2.385680437
640,18.75590515,,9.84E-05,0.000387,-0.000946,Tue Apr 14 23:51:51 2026,2.344488144
641,18.50314713,,9.83E-05,0.000376,-0.000941,Tue Apr 14 23:52:14 2026,2.312893391
642,19.82922554,,9.83E-05,0.000366,-0.000936,Tue Apr 14 23:52:36 2026,2.478653193
643,19.1712532,,9.83E-05,0.000356,-0.000931,Tue Apr 14 23:52:59 2026,2.396406651
644,18.7027359,,9.83E-05,0.000346,-0.000926,Tue Apr 14 23:54:04 2026,2.337841988
645,18.87940598,,9.83E-05,0.000336,-0.000921,Tue Apr 14 23:54:46 2026,2.359925747
646,18.96952248,,9.83E-05,0.000326,-0.000916,Tue Apr 14 23:55:11 2026,2.37119031
647,19.83885765,,9.83E-05,0.000315,-0.00091,Tue Apr 14 23:55:34 2026,2.479857206
648,19.7122364,,9.83E-05,0.000305,-0.000916,Tue Apr 14 23:55:56 2026,2.464029551
649,19.69063187,,9.83E-05,0.000295,-0.00091,Tue Apr 14 23:56:19 2026,2.461328983
650,18.4508419,,9.83E-05,0.000285,-0.000905,Tue Apr 14 23:56:41 2026,2.306355238
651,20.87691116,,9.83E-05,0.000275,-0.0009,Tue Apr 14 23:58:01 2026,2.609613895
652,19.58306503,,9.83E-05,0.000264,-0.000895,Tue Apr 14 23:58:34 2026,2.447883129
653,18.92258072,,9.82E-05,0.000254,-0.0009,Tue Apr 14 23:58:57 2026,2.36532259
654,18.94494438,,9.82E-05,0.000244,-0.000905,Tue Apr 14 23:59:19 2026,2.368118048
655,19.33903694,,9.82E-05,0.000234,-0.000916,Tue Apr 14 23:59:42 2026,2.417379618
656,20.14173317,,9.82E-05,0.000224,-0.000926,Wed Apr 15 00:00:04 2026,2.517716646
657,19.94370651,,9.82E-05,0.000214,-0.000926,Wed Apr 15 00:00:26 2026,2.492963314
658,19.4077816,,9.82E-05,0.000203,-0.000926,Wed Apr 15 00:00:49 2026,2.4259727
659,18.96551132,,9.82E-05,0.000193,-0.000936,Wed Apr 15 00:01:14 2026,2.370688915
660,19.1366806,,9.82E-05,0.000183,-0.000946,Wed Apr 15 00:01:36 2026,2.392085075
661,19.30596161,,9.82E-05,0.000173,-0.000946,Wed Apr 15 00:01:59 2026,2.413245201
662,19.36404991,,9.82E-05,0.000163,-0.000946,Wed Apr 15 00:02:22 2026,2.420506239
663,19.45981979,,9.82E-05,0.000153,-0.000946,Wed Apr 15 00:02:45 2026,2.432477474
664,18.10849953,,9.81E-05,0.000142,-0.000946,Wed Apr 15 00:03:09 2026,2.263562441
665,19.0105896,,9.81E-05,0.000132,-0.000946,Wed Apr 15 00:03:32 2026,2.3763237
666,19.21692848,,9.81E-05,0.000122,-0.000956,Wed Apr 15 00:03:55 2026,2.40211606
667,18.75426674,,9.81E-05,0.000112,-0.000977,Wed Apr 15 00:04:18 2026,2.344283342
668,19.2820034,,9.81E-05,0.000112,-0.000997,Wed Apr 15 00:04:41 2026,2.410250425
669,18.63207245,,9.81E-05,0.000112,-0.001007,Wed Apr 15 00:05:52 2026,2.329009056
670,18.81391716,,9.81E-05,0.000112,-0.001007,Wed Apr 15 00:06:15 2026,2.351739645
671,18.53429985,,9.81E-05,0.000112,-0.001007,Wed Apr 15 00:06:38 2026,2.316787481
672,18.47113419,,9.81E-05,0.000112,-0.001007,Wed Apr 15 00:07:00 2026,2.308891773
673,18.47822952,,9.81E-05,0.000112,-0.001007,Wed Apr 15 00:07:22 2026,2.30977869
674,18.12873459,,9.81E-05,0.000112,-0.001017,Wed Apr 15 00:07:45 2026,2.266091824
675,18.18761635,,9.80E-05,0.000112,-0.001007,Wed Apr 15 00:08:08 2026,2.273452044
676,19.28907585,,9.80E-05,0.000112,-0.000997,Wed Apr 15 00:09:27 2026,2.411134481
677,19.1805172,,9.80E-05,0.000112,-0.000997,Wed Apr 15 00:10:06 2026,2.39756465
678,18.85598373,,9.80E-05,0.000112,-0.000997,Wed Apr 15 00:10:28 2026,2.356997967
679,18.46785545,,9.80E-05,0.000112,-0.000987,Wed Apr 15 00:10:50 2026,2.308481932
680,18.83749008,,9.80E-05,0.000112,-0.000977,Wed Apr 15 00:11:13 2026,2.35468626
681,18.1032238,,9.80E-05,0.000112,-0.000966,Wed Apr 15 00:11:35 2026,2.262902975
682,18.68274689,,9.80E-05,0.000112,-0.000956,Wed Apr 15 00:11:58 2026,2.335343361
683,19.00163269,,9.80E-05,0.000112,-0.000956,Wed Apr 15 00:12:21 2026,2.375204086
684,18.79414749,,9.80E-05,0.000153,-0.000966,Wed Apr 15 00:12:44 2026,2.349268436
685,18.68304062,,9.80E-05,0.000153,-0.000966,Wed Apr 15 00:13:07 2026,2.335380077
686,18.51899147,,9.79E-05,0.000153,-0.000977,Wed Apr 15 00:13:29 2026,2.314873934
687,19.75402832,,9.79E-05,0.000153,-0.000987,Wed Apr 15 00:13:53 2026,2.46925354
688,18.11784172,,9.79E-05,0.000193,-0.000987,Wed Apr 15 00:14:15 2026,2.264730215
689,17.40234947,,9.79E-05,0.000234,-0.000987,Wed Apr 15 00:14:40 2026,2.175293684
690,18.27606964,,9.79E-05,0.000234,-0.000987,Wed Apr 15 00:15:04 2026,2.284508705
691,18.13076973,,9.79E-05,0.000275,-0.001007,Wed Apr 15 00:15:27 2026,2.266346216
692,17.55566788,,9.79E-05,0.000315,-0.001007,Wed Apr 15 00:15:49 2026,2.194458485
693,18.4604187,,9.79E-05,0.000356,-0.001007,Wed Apr 15 00:16:12 2026,2.307552338
694,18.53375816,,9.79E-05,0.000356,-0.001017,Wed Apr 15 00:17:20 2026,2.31671977
695,17.49714088,,9.79E-05,0.000356,-0.001027,Wed Apr 15 00:17:52 2026,2.187142611
696,17.70615196,,9.79E-05,0.000397,-0.001048,Wed Apr 15 00:18:14 2026,2.213268995
697,18.02071953,,9.78E-05,0.000437,-0.001068,Wed Apr 15 00:18:37 2026,2.252589941
698,17.03567123,,9.78E-05,0.000478,-0.001078,Wed Apr 15 00:18:59 2026,2.129458904
699,17.2953949,,9.78E-05,0.000519,-0.001088,Wed Apr 15 00:19:21 2026,2.161924362
700,17.55667877,,9.78E-05,0.000519,-0.001109,Wed Apr 15 00:19:44 2026,2.194584846
700,,2.211729765,,0.000519,-0.001109,Wed Apr 15 00:20:01 2026,
701,17.02605629,,9.78E-05,0.000519,-0.001119,Wed Apr 15 00:21:57 2026,2.128257036
702,17.27352524,,9.78E-05,0.000519,-0.001119,Wed Apr 15 00:22:19 2026,2.159190655
703,17.42877197,,9.78E-05,0.000519,-0.001129,Wed Apr 15 00:22:41 2026,2.178596497
704,17.68800926,,9.78E-05,0.000519,-0.001119,Wed Apr 15 00:23:03 2026,2.211001158
705,17.46344376,,9.78E-05,0.000519,-0.001109,Wed Apr 15 00:23:26 2026,2.18293047
706,16.86207008,,9.78E-05,0.000519,-0.001139,Wed Apr 15 00:23:48 2026,2.10775876
707,17.06663895,,9.77E-05,0.000514,-0.00116,Wed Apr 15 00:24:11 2026,2.133329868
708,17.04437637,,9.77E-05,0.000514,-0.00117,Wed Apr 15 00:24:34 2026,2.130547047
709,17.66704178,,9.77E-05,0.000514,-0.00117,Wed Apr 15 00:24:57 2026,2.208380222
710,17.29787636,,9.77E-05,0.000514,-0.00117,Wed Apr 15 00:25:20 2026,2.162234545
711,17.38964844,,9.77E-05,0.000514,-0.00119,Wed Apr 15 00:25:43 2026,2.173706055
712,17.11584663,,9.77E-05,0.000514,-0.00119,Wed Apr 15 00:26:07 2026,2.139480829
713,16.85516357,,9.77E-05,0.000514,-0.00119,Wed Apr 15 00:26:30 2026,2.106895447
714,16.87621117,,9.77E-05,0.000514,-0.00119,Wed Apr 15 00:26:53 2026,2.109526396
715,16.6125679,,9.77E-05,0.000514,-0.00119,Wed Apr 15 00:27:15 2026,2.076570988
716,17.03629875,,9.77E-05,0.000514,-0.00119,Wed Apr 15 00:27:38 2026,2.129537344
717,16.88865852,,9.76E-05,0.000509,-0.00119,Wed Apr 15 00:28:02 2026,2.111082315
718,16.57472801,,9.76E-05,0.000504,-0.00119,Wed Apr 15 00:29:27 2026,2.071841002
719,16.42475128,,9.76E-05,0.000504,-0.00119,Wed Apr 15 00:29:49 2026,2.05309391
720,17.4758606,,9.76E-05,0.000504,-0.00119,Wed Apr 15 00:30:12 2026,2.184482574
721,15.78615475,,9.76E-05,0.000504,-0.00119,Wed Apr 15 00:30:35 2026,1.973269343
722,15.98122787,,9.76E-05,0.000504,-0.00119,Wed Apr 15 00:30:57 2026,1.997653484
723,16.2120018,,9.76E-05,0.000504,-0.00119,Wed Apr 15 00:31:20 2026,2.026500225
724,15.91388512,,9.76E-05,0.000504,-0.00119,Wed Apr 15 00:32:32 2026,1.98923564
725,15.79443932,,9.76E-05,0.000504,-0.00119,Wed Apr 15 00:33:08 2026,1.974304914
726,15.64090061,,9.76E-05,0.000504,-0.00119,Wed Apr 15 00:33:30 2026,1.955112576
727,17.23358154,,9.75E-05,0.000504,-0.00119,Wed Apr 15 00:33:52 2026,2.154197693
728,15.65611172,,9.75E-05,0.000504,-0.00119,Wed Apr 15 00:34:16 2026,1.957013965
729,15.80503464,,9.75E-05,0.000504,-0.00119,Wed Apr 15 00:34:38 2026,1.97562933
730,15.83063698,,9.75E-05,0.000504,-0.00119,Wed Apr 15 00:35:01 2026,1.978829622
731,15.65844822,,9.75E-05,0.000504,-0.00119,Wed Apr 15 00:35:25 2026,1.957306027
732,15.40136051,,9.75E-05,0.000504,-0.00119,Wed Apr 15 00:35:47 2026,1.925170064
733,15.04286766,,9.75E-05,0.000504,-0.00119,Wed Apr 15 00:36:11 2026,1.880358458
734,16.12155533,,9.75E-05,0.000504,-0.00119,Wed Apr 15 00:36:34 2026,2.015194416
735,15.73686981,,9.75E-05,0.000504,-0.00119,Wed Apr 15 00:36:58 2026,1.967108727
736,15.23698521,,9.74E-05,0.000504,-0.00119,Wed Apr 15 00:37:20 2026,1.904623151
737,15.32656288,,9.74E-05,0.000504,-0.00119,Wed Apr 15 00:37:44 2026,1.91582036
738,15.29064846,,9.74E-05,0.000504,-0.00119,Wed Apr 15 00:38:07 2026,1.911331058
739,15.95421314,,9.74E-05,0.000504,-0.0012,Wed Apr 15 00:38:30 2026,1.994276643
740,15.91206741,,9.74E-05,0.000504,-0.0012,Wed Apr 15 00:38:53 2026,1.989008427
741,15.7366209,,9.74E-05,0.000504,-0.0012,Wed Apr 15 00:39:16 2026,1.967077613
742,14.75071621,,9.74E-05,0.000504,-0.0012,Wed Apr 15 00:40:33 2026,1.843839526
743,16.80760193,,9.74E-05,0.000504,-0.0012,Wed Apr 15 00:41:04 2026,2.100950241
744,15.9266634,,9.74E-05,0.000504,-0.001211,Wed Apr 15 00:41:26 2026,1.990832925
745,15.05077744,,9.74E-05,0.000498,-0.001221,Wed Apr 15 00:41:49 2026,1.881347179
746,15.13286495,,9.73E-05,0.000493,-0.001231,Wed Apr 15 00:42:12 2026,1.891608119
747,15.40923882,,9.73E-05,0.000488,-0.001241,Wed Apr 15 00:42:35 2026,1.926154852
748,15.92591572,,9.73E-05,0.000488,-0.001251,Wed Apr 15 00:42:58 2026,1.990739465
749,15.89949894,,9.73E-05,0.000488,-0.001261,Wed Apr 15 00:44:14 2026,1.987437367
750,15.43035698,,9.73E-05,0.000488,-0.001261,Wed Apr 15 00:44:36 2026,1.928794622
751,14.94452667,,9.73E-05,0.000488,-0.001261,Wed Apr 15 00:44:58 2026,1.868065834
752,15.08763885,,9.73E-05,0.000488,-0.001261,Wed Apr 15 00:45:21 2026,1.885954857
753,15.22396851,,9.73E-05,0.000483,-0.001261,Wed Apr 15 00:45:43 2026,1.902996063
754,15.08677578,,9.73E-05,0.000483,-0.001261,Wed Apr 15 00:46:06 2026,1.885846972
755,15.19475937,,9.72E-05,0.000483,-0.001261,Wed Apr 15 00:46:29 2026,1.899344921
756,14.10858631,,9.72E-05,0.000483,-0.001251,Wed Apr 15 00:46:52 2026,1.763573289
757,14.81472588,,9.72E-05,0.000483,-0.001241,Wed Apr 15 00:47:15 2026,1.851840734
758,15.26637173,,9.72E-05,0.000478,-0.001231,Wed Apr 15 00:47:37 2026,1.908296466
759,14.53063011,,9.72E-05,0.000478,-0.001231,Wed Apr 15 00:48:00 2026,1.816328764
760,14.88267803,,9.72E-05,0.000478,-0.001231,Wed Apr 15 00:48:23 2026,1.860334754
761,14.41057014,,9.72E-05,0.000478,-0.001231,Wed Apr 15 00:48:46 2026,1.801321268
762,14.43569756,,9.72E-05,0.000478,-0.001231,Wed Apr 15 00:49:08 2026,1.804462194
763,14.14127159,,9.72E-05,0.000473,-0.001231,Wed Apr 15 00:49:32 2026,1.767658949
764,14.12975693,,9.71E-05,0.000468,-0.001231,Wed Apr 15 00:49:55 2026,1.766219616
765,14.02030277,,9.71E-05,0.000463,-0.001231,Wed Apr 15 00:50:18 2026,1.752537847
766,13.9563427,,9.71E-05,0.000458,-0.001231,Wed Apr 15 00:51:23 2026,1.744542837
767,13.87941742,,9.71E-05,0.000453,-0.001251,Wed Apr 15 00:52:22 2026,1.734927177
768,14.60998535,,9.71E-05,0.000448,-0.001261,Wed Apr 15 00:52:44 2026,1.826248169
769,14.5698595,,9.71E-05,0.000443,-0.001261,Wed Apr 15 00:53:07 2026,1.821232438
770,14.10645103,,9.71E-05,0.000437,-0.001261,Wed Apr 15 00:53:29 2026,1.763306379
771,13.83404255,,9.71E-05,0.000432,-0.001261,Wed Apr 15 00:53:52 2026,1.729255319
772,14.18924046,,9.71E-05,0.000427,-0.001261,Wed Apr 15 00:54:14 2026,1.773655057
773,13.60024929,,9.70E-05,0.000422,-0.001261,Wed Apr 15 00:55:26 2026,1.700031161
774,13.990201,,9.70E-05,0.000417,-0.001261,Wed Apr 15 00:55:54 2026,1.748775125
775,14.2514143,,9.70E-05,0.000417,-0.001261,Wed Apr 15 00:56:16 2026,1.781426787
776,13.90111732,,9.70E-05,0.000417,-0.001261,Wed Apr 15 00:56:39 2026,1.737639666
777,13.96627331,,9.70E-05,0.000412,-0.001261,Wed Apr 15 00:57:02 2026,1.745784163
778,13.74746323,,9.70E-05,0.000407,-0.001261,Wed Apr 15 00:57:25 2026,1.718432903
779,14.73237705,,9.70E-05,0.000402,-0.001261,Wed Apr 15 00:57:48 2026,1.841547132
780,13.60622883,,9.70E-05,0.000402,-0.001261,Wed Apr 15 00:58:11 2026,1.700778604
781,13.1102438,,9.70E-05,0.000402,-0.001261,Wed Apr 15 00:58:34 2026,1.638780475
782,13.51511288,,9.69E-05,0.000397,-0.001261,Wed Apr 15 00:58:57 2026,1.68938911
783,13.34665585,,9.69E-05,0.000392,-0.001261,Wed Apr 15 00:59:19 2026,1.668331981
784,13.07252884,,9.69E-05,0.000387,-0.001261,Wed Apr 15 00:59:42 2026,1.634066105
785,13.59480286,,9.69E-05,0.000387,-0.001261,Wed Apr 15 01:00:05 2026,1.699350357
786,13.8397541,,9.69E-05,0.000387,-0.001261,Wed Apr 15 01:00:28 2026,1.729969263
787,13.05546856,,9.69E-05,0.000387,-0.001261,Wed Apr 15 01:00:52 2026,1.63193357
788,13.14673805,,9.69E-05,0.000387,-0.001261,Wed Apr 15 01:01:15 2026,1.643342257
789,13.32801247,,9.69E-05,0.000387,-0.001261,Wed Apr 15 01:01:37 2026,1.666001558
790,12.71758652,,9.69E-05,0.000381,-0.001261,Wed Apr 15 01:02:01 2026,1.589698315
791,12.8806057,,9.68E-05,0.000376,-0.001261,Wed Apr 15 01:03:33 2026,1.610075712
792,13.20790386,,9.68E-05,0.000371,-0.001261,Wed Apr 15 01:03:56 2026,1.650987983
793,12.66012764,,9.68E-05,0.000366,-0.001261,Wed Apr 15 01:04:18 2026,1.582515955
794,12.89418888,,9.68E-05,0.000366,-0.001261,Wed Apr 15 01:04:41 2026,1.61177361
795,13.06504631,,9.68E-05,0.000366,-0.001261,Wed Apr 15 01:05:04 2026,1.633130789
796,13.21381474,,9.68E-05,0.000366,-0.001261,Wed Apr 15 01:05:27 2026,1.651726842
797,13.09503174,,9.68E-05,0.000361,-0.001261,Wed Apr 15 01:06:31 2026,1.636878967
798,12.68584442,,9.68E-05,0.000356,-0.001261,Wed Apr 15 01:07:44 2026,1.585730553
799,12.86647415,,9.68E-05,0.000351,-0.001261,Wed Apr 15 01:08:06 2026,1.608309269
800,12.81650734,,9.67E-05,0.000346,-0.001261,Wed Apr 15 01:08:28 2026,1.602063417
800,,1.618985415,,0.000346,-0.001261,Wed Apr 15 01:08:46 2026,
801,13.20772171,,9.67E-05,0.000346,-0.001261,Wed Apr 15 01:09:16 2026,1.650965214
802,12.92392635,,9.67E-05,0.000346,-0.001261,Wed Apr 15 01:09:39 2026,1.615490794
803,13.02009964,,9.67E-05,0.000346,-0.001261,Wed Apr 15 01:10:01 2026,1.627512455
804,12.87509346,,9.67E-05,0.000346,-0.001261,Wed Apr 15 01:10:24 2026,1.609386683
805,12.54130936,,9.67E-05,0.000341,-0.001261,Wed Apr 15 01:10:46 2026,1.56766367
806,12.55654049,,9.67E-05,0.000336,-0.001261,Wed Apr 15 01:11:09 2026,1.569567561
807,12.61565018,,9.67E-05,0.000331,-0.001261,Wed Apr 15 01:11:32 2026,1.576956272
808,12.85463142,,9.66E-05,0.000326,-0.001261,Wed Apr 15 01:11:54 2026,1.606828928
809,12.60011864,,9.66E-05,0.00032,-0.001261,Wed Apr 15 01:12:17 2026,1.57501483
810,12.47074509,,9.66E-05,0.00032,-0.001261,Wed Apr 15 01:12:40 2026,1.558843136
811,12.44579983,,9.66E-05,0.00032,-0.001261,Wed Apr 15 01:13:03 2026,1.555724978
812,13.14460945,,9.66E-05,0.00032,-0.001261,Wed Apr 15 01:13:26 2026,1.643076181
813,11.99040794,,9.66E-05,0.00032,-0.001261,Wed Apr 15 01:13:50 2026,1.498800993
814,12.23944569,,9.66E-05,0.00032,-0.001261,Wed Apr 15 01:14:13 2026,1.529930711
815,12.45536327,,9.66E-05,0.00032,-0.001261,Wed Apr 15 01:14:36 2026,1.556920409
816,12.09635639,,9.65E-05,0.00032,-0.001261,Wed Apr 15 01:15:00 2026,1.512044549
817,12.02096176,,9.65E-05,0.00032,-0.001261,Wed Apr 15 01:15:23 2026,1.50262022
818,11.85805035,,9.65E-05,0.00032,-0.001261,Wed Apr 15 01:15:46 2026,1.482256293
819,13.00534725,,9.65E-05,0.00032,-0.001261,Wed Apr 15 01:16:08 2026,1.625668406
820,12.00896835,,9.65E-05,0.00032,-0.001261,Wed Apr 15 01:16:32 2026,1.501121044
821,12.16893768,,9.65E-05,0.00032,-0.001261,Wed Apr 15 01:16:55 2026,1.52111721
822,12.29503536,,9.65E-05,0.00032,-0.001261,Wed Apr 15 01:17:18 2026,1.53687942
823,12.22914314,,9.65E-05,0.00032,-0.001261,Wed Apr 15 01:17:41 2026,1.528642893
824,11.84893131,,9.65E-05,0.00032,-0.001261,Wed Apr 15 01:18:04 2026,1.481116414
825,11.85464382,,9.64E-05,0.00032,-0.001261,Wed Apr 15 01:18:27 2026,1.481830478
826,12.67505169,,9.64E-05,0.00032,-0.001261,Wed Apr 15 01:19:45 2026,1.584381461
827,12.11046982,,9.64E-05,0.00032,-0.001261,Wed Apr 15 01:20:07 2026,1.513808727
828,12.41810608,,9.64E-05,0.00032,-0.001261,Wed Apr 15 01:20:30 2026,1.55226326
829,12.5046587,,9.64E-05,0.00032,-0.001261,Wed Apr 15 01:20:53 2026,1.563082337
830,11.91769505,,9.64E-05,0.00032,-0.001261,Wed Apr 15 01:21:15 2026,1.489711881
831,12.92727757,,9.64E-05,0.00032,-0.001261,Wed Apr 15 01:21:38 2026,1.615909696
832,13.11635113,,9.64E-05,0.00032,-0.001261,Wed Apr 15 01:22:39 2026,1.639543891
833,12.48687935,,9.63E-05,0.00032,-0.001261,Wed Apr 15 01:23:48 2026,1.560859919
834,11.9753027,,9.63E-05,0.00032,-0.001261,Wed Apr 15 01:24:11 2026,1.496912837
835,13.86066341,,9.63E-05,0.00032,-0.001261,Wed Apr 15 01:24:36 2026,1.732582927
836,12.83051205,,9.63E-05,0.00032,-0.001261,Wed Apr 15 01:24:58 2026,1.603814006
837,12.15684891,,9.63E-05,0.00032,-0.001261,Wed Apr 15 01:25:21 2026,1.519606113
838,12.65190506,,9.63E-05,0.00032,-0.001261,Wed Apr 15 01:25:44 2026,1.581488132
839,12.79665756,,9.63E-05,0.00032,-0.001261,Wed Apr 15 01:26:06 2026,1.599582195
840,12.69295692,,9.63E-05,0.00032,-0.001261,Wed Apr 15 01:26:29 2026,1.586619616
841,12.98719597,,9.62E-05,0.00032,-0.001261,Wed Apr 15 01:26:51 2026,1.623399496
842,12.6911602,,9.62E-05,0.00032,-0.001261,Wed Apr 15 01:27:14 2026,1.586395025
843,12.26294994,,9.62E-05,0.00032,-0.001261,Wed Apr 15 01:27:38 2026,1.532868743
844,12.25321102,,9.62E-05,0.00032,-0.001261,Wed Apr 15 01:28:01 2026,1.531651378
845,12.56790257,,9.62E-05,0.00032,-0.001261,Wed Apr 15 01:28:25 2026,1.570987821
846,12.43927765,,9.62E-05,0.00032,-0.001261,Wed Apr 15 01:28:47 2026,1.554909706
847,12.51495552,,9.62E-05,0.00032,-0.001261,Wed Apr 15 01:29:11 2026,1.56436944
848,11.55627537,,9.62E-05,0.00032,-0.001261,Wed Apr 15 01:29:34 2026,1.444534421
849,12.16604805,,9.61E-05,0.00032,-0.001261,Wed Apr 15 01:29:57 2026,1.520756006
850,12.77570629,,9.61E-05,0.00032,-0.001261,Wed Apr 15 01:30:20 2026,1.596963286
851,12.04828072,,9.61E-05,0.00032,-0.001261,Wed Apr 15 01:30:43 2026,1.506035089
852,12.17613506,,9.61E-05,0.00032,-0.001261,Wed Apr 15 01:31:06 2026,1.522016883
853,11.90197945,,9.61E-05,0.00032,-0.001261,Wed Apr 15 01:31:29 2026,1.487747431
854,11.92663288,,9.61E-05,0.00032,-0.001261,Wed Apr 15 01:31:51 2026,1.49082911
855,11.72218227,,9.61E-05,0.00032,-0.001261,Wed Apr 15 01:32:14 2026,1.465272784
856,11.70006466,,9.61E-05,0.00032,-0.001261,Wed Apr 15 01:33:50 2026,1.462508082
857,11.61567307,,9.60E-05,0.00032,-0.001261,Wed Apr 15 01:34:13 2026,1.451959133
858,11.66604805,,9.60E-05,0.00032,-0.001261,Wed Apr 15 01:34:35 2026,1.458256006
859,11.53792572,,9.60E-05,0.00032,-0.001261,Wed Apr 15 01:34:58 2026,1.442240715
860,12.2453146,,9.60E-05,0.00032,-0.001261,Wed Apr 15 01:35:20 2026,1.530664325
861,12.23074913,,9.60E-05,0.00032,-0.001261,Wed Apr 15 01:35:43 2026,1.528843641
862,11.75927353,,9.60E-05,0.00032,-0.001261,Wed Apr 15 01:36:57 2026,1.469909191
863,11.58088303,,9.60E-05,0.00032,-0.001261,Wed Apr 15 01:37:53 2026,1.447610378
864,11.89748573,,9.59E-05,0.00032,-0.001261,Wed Apr 15 01:38:15 2026,1.487185717
865,11.47153759,,9.59E-05,0.00032,-0.001261,Wed Apr 15 01:38:37 2026,1.433942199
866,11.78082561,,9.59E-05,0.00032,-0.001261,Wed Apr 15 01:39:00 2026,1.472603202
867,12.03012943,,9.59E-05,0.00032,-0.001261,Wed Apr 15 01:39:22 2026,1.503766179
868,11.74229908,,9.59E-05,0.00032,-0.001261,Wed Apr 15 01:39:44 2026,1.467787385
869,11.76180935,,9.59E-05,0.00032,-0.001261,Wed Apr 15 01:40:07 2026,1.470226169
870,11.60822773,,9.59E-05,0.00032,-0.001261,Wed Apr 15 01:40:30 2026,1.451028466
871,12.49830341,,9.59E-05,0.00032,-0.001261,Wed Apr 15 01:40:52 2026,1.562287927
872,11.53896332,,9.58E-05,0.00032,-0.001261,Wed Apr 15 01:41:15 2026,1.442370415
873,11.12486744,,9.58E-05,0.00032,-0.001261,Wed Apr 15 01:41:38 2026,1.39060843
874,11.4880352,,9.58E-05,0.00032,-0.001261,Wed Apr 15 01:42:01 2026,1.4360044
875,11.32027435,,9.58E-05,0.00032,-0.001261,Wed Apr 15 01:42:24 2026,1.415034294
876,11.11065197,,9.58E-05,0.00032,-0.001261,Wed Apr 15 01:42:46 2026,1.388831496
877,11.58620644,,9.58E-05,0.00032,-0.001261,Wed Apr 15 01:43:09 2026,1.448275805
878,11.84162521,,9.58E-05,0.00032,-0.001261,Wed Apr 15 01:43:32 2026,1.480203152
879,11.1631937,,9.57E-05,0.00032,-0.001261,Wed Apr 15 01:43:55 2026,1.395399213
880,11.27193546,,9.57E-05,0.00032,-0.001261,Wed Apr 15 01:44:18 2026,1.408991933
881,11.44277096,,9.57E-05,0.00032,-0.001261,Wed Apr 15 01:44:42 2026,1.43034637
882,10.91916943,,9.57E-05,0.00032,-0.001261,Wed Apr 15 01:45:05 2026,1.364896178
883,11.05497169,,9.57E-05,0.00032,-0.001261,Wed Apr 15 01:45:28 2026,1.381871462
884,11.38090801,,9.57E-05,0.00032,-0.001261,Wed Apr 15 01:45:51 2026,1.422613502
885,10.89114475,,9.57E-05,0.00032,-0.001261,Wed Apr 15 01:46:14 2026,1.361393094
886,11.08670044,,9.57E-05,0.00032,-0.001261,Wed Apr 15 01:46:38 2026,1.385837555
887,11.26968288,,9.56E-05,0.00032,-0.001251,Wed Apr 15 01:47:01 2026,1.408710361
888,11.43497944,,9.56E-05,0.00032,-0.001251,Wed Apr 15 01:47:24 2026,1.42937243
889,11.30086231,,9.56E-05,0.00032,-0.001251,Wed Apr 15 01:47:47 2026,1.412607789
890,10.96544075,,9.56E-05,0.0003,-0.001251,Wed Apr 15 01:48:11 2026,1.370680094
891,11.12437534,,9.56E-05,0.00028,-0.001251,Wed Apr 15 01:48:34 2026,1.390546918
892,11.12624168,,9.56E-05,0.00028,-0.001251,Wed Apr 15 01:49:58 2026,1.39078021
893,11.4137249,,9.56E-05,0.00028,-0.001251,Wed Apr 15 01:50:21 2026,1.426715612
894,11.14106274,,9.55E-05,0.00028,-0.001251,Wed Apr 15 01:50:43 2026,1.392632842
895,11.23970795,,9.55E-05,0.00028,-0.001251,Wed Apr 15 01:51:06 2026,1.404963493
896,11.17334652,,9.55E-05,0.00028,-0.001251,Wed Apr 15 01:51:29 2026,1.396668315
897,10.88606262,,9.55E-05,0.000259,-0.001251,Wed Apr 15 01:51:51 2026,1.360757828
898,10.83522987,,9.55E-05,0.000239,-0.001251,Wed Apr 15 01:52:40 2026,1.354403734
899,10.97411728,,9.55E-05,0.000239,-0.001251,Wed Apr 15 01:54:01 2026,1.37176466
900,11.20462322,,9.55E-05,0.000239,-0.001251,Wed Apr 15 01:54:24 2026,1.400577903
900,,1.381926537,,0.000239,-0.001251,Wed Apr 15 01:54:41 2026,
901,10.93615723,,9.55E-05,0.000239,-0.001251,Wed Apr 15 01:55:09 2026,1.367019653
902,10.86220741,,9.54E-05,0.000239,-0.001251,Wed Apr 15 01:55:31 2026,1.357775927
903,10.84078312,,9.54E-05,0.000239,-0.001251,Wed Apr 15 01:55:54 2026,1.35509789
904,11.50086975,,9.54E-05,0.000239,-0.001251,Wed Apr 15 01:56:16 2026,1.437608719
905,10.45895767,,9.54E-05,0.000239,-0.001251,Wed Apr 15 01:56:39 2026,1.307369709
906,10.62870693,,9.54E-05,0.000239,-0.001251,Wed Apr 15 01:57:02 2026,1.328588367
907,10.78212166,,9.54E-05,0.000239,-0.001251,Wed Apr 15 01:57:24 2026,1.347765207
908,10.52977467,,9.54E-05,0.000239,-0.001251,Wed Apr 15 01:57:47 2026,1.316221833
909,10.48695374,,9.53E-05,0.000239,-0.001251,Wed Apr 15 01:58:10 2026,1.310869217
910,10.34103966,,9.53E-05,0.000239,-0.001251,Wed Apr 15 01:58:34 2026,1.292629957
911,11.49153423,,9.53E-05,0.000239,-0.001251,Wed Apr 15 01:58:57 2026,1.436441779
912,10.50867653,,9.53E-05,0.000239,-0.001251,Wed Apr 15 01:59:19 2026,1.313584566
913,10.68435478,,9.53E-05,0.000239,-0.001251,Wed Apr 15 01:59:43 2026,1.335544348
914,10.57643604,,9.53E-05,0.000239,-0.001251,Wed Apr 15 02:00:05 2026,1.322054505
915,10.43054581,,9.53E-05,0.000239,-0.001251,Wed Apr 15 02:00:28 2026,1.303818226
916,10.33549118,,9.52E-05,0.000239,-0.001251,Wed Apr 15 02:01:47 2026,1.291936398
917,10.08232117,,9.52E-05,0.000239,-0.001251,Wed Apr 15 02:02:10 2026,1.260290146
918,10.75068569,,9.52E-05,0.000239,-0.001251,Wed Apr 15 02:02:33 2026,1.343835711
919,10.64864349,,9.52E-05,0.000239,-0.001251,Wed Apr 15 02:02:55 2026,1.331080437
920,10.23157501,,9.52E-05,0.000239,-0.001251,Wed Apr 15 02:03:18 2026,1.278946877
921,10.39116383,,9.52E-05,0.000239,-0.001251,Wed Apr 15 02:03:41 2026,1.298895478
922,10.37685299,,9.52E-05,0.000239,-0.001251,Wed Apr 15 02:04:50 2026,1.297106624
923,10.82226181,,9.51E-05,0.000239,-0.001251,Wed Apr 15 02:05:51 2026,1.352782726
924,10.83380508,,9.51E-05,0.000239,-0.001251,Wed Apr 15 02:06:13 2026,1.354225636
925,10.71621704,,9.51E-05,0.000239,-0.001241,Wed Apr 15 02:06:35 2026,1.33952713
926,10.02835655,,9.51E-05,0.000239,-0.001241,Wed Apr 15 02:06:58 2026,1.253544569
927,11.47779465,,9.51E-05,0.000239,-0.001241,Wed Apr 15 02:07:23 2026,1.434724331
928,11.01835155,,9.51E-05,0.000239,-0.001241,Wed Apr 15 02:07:45 2026,1.377293944
929,10.36652184,,9.51E-05,0.000239,-0.001241,Wed Apr 15 02:08:08 2026,1.295815229
930,10.47714806,,9.50E-05,0.000219,-0.001241,Wed Apr 15 02:08:30 2026,1.309643507
931,10.64502716,,9.50E-05,0.000219,-0.001241,Wed Apr 15 02:08:53 2026,1.330628395
932,10.97498703,,9.50E-05,0.000219,-0.001241,Wed Apr 15 02:09:15 2026,1.371873379
933,11.08024883,,9.50E-05,0.000219,-0.001241,Wed Apr 15 02:09:38 2026,1.385031104
934,10.67693901,,9.50E-05,0.000198,-0.001241,Wed Apr 15 02:10:01 2026,1.334617376
935,10.37549686,,9.50E-05,0.000198,-0.001241,Wed Apr 15 02:10:23 2026,1.296937108
936,10.54693508,,9.50E-05,0.000198,-0.001241,Wed Apr 15 02:10:46 2026,1.318366885
937,10.69210434,,9.49E-05,0.000198,-0.001241,Wed Apr 15 02:11:08 2026,1.336513042
938,10.51311874,,9.49E-05,0.000198,-0.001241,Wed Apr 15 02:11:31 2026,1.314139843
939,10.68479729,,9.49E-05,0.000198,-0.001241,Wed Apr 15 02:11:53 2026,1.335599661
940,9.98445034,,9.49E-05,0.000198,-0.001241,Wed Apr 15 02:12:16 2026,1.248056293
941,10.45451832,,9.49E-05,0.000188,-0.001241,Wed Apr 15 02:12:39 2026,1.30681479
942,11.07070446,,9.49E-05,0.000188,-0.001241,Wed Apr 15 02:13:01 2026,1.383838058
943,10.3607769,,9.49E-05,0.000188,-0.001241,Wed Apr 15 02:13:24 2026,1.295097113
944,10.54420471,,9.48E-05,0.000188,-0.001241,Wed Apr 15 02:13:46 2026,1.318025589
945,10.35732841,,9.48E-05,0.000188,-0.001241,Wed Apr 15 02:14:09 2026,1.294666052
946,10.33872795,,9.48E-05,0.000188,-0.001241,Wed Apr 15 02:14:32 2026,1.292340994
947,10.16164112,,9.48E-05,0.000188,-0.001241,Wed Apr 15 02:14:54 2026,1.27020514
948,10.18558407,,9.48E-05,0.000188,-0.001241,Wed Apr 15 02:15:17 2026,1.273198009
949,10.05443764,,9.48E-05,0.000188,-0.001241,Wed Apr 15 02:15:39 2026,1.256804705
950,10.16048908,,9.48E-05,0.000188,-0.001241,Wed Apr 15 02:16:02 2026,1.270061135
951,10.09645367,,9.47E-05,0.000188,-0.001241,Wed Apr 15 02:16:24 2026,1.262056708
952,10.67644978,,9.47E-05,0.000188,-0.001241,Wed Apr 15 02:16:47 2026,1.334556222
953,10.57942009,,9.47E-05,0.000188,-0.001241,Wed Apr 15 02:17:10 2026,1.322427511
954,10.1882143,,9.47E-05,0.000188,-0.001241,Wed Apr 15 02:17:32 2026,1.273526788
955,10.07821274,,9.47E-05,0.000188,-0.001241,Wed Apr 15 02:17:55 2026,1.259776592
956,10.34887218,,9.47E-05,0.000188,-0.001241,Wed Apr 15 02:18:17 2026,1.293609023
957,9.99349308,,9.46E-05,0.000188,-0.001241,Wed Apr 15 02:18:41 2026,1.249186635
958,10.2728796,,9.46E-05,0.000188,-0.001241,Wed Apr 15 02:19:05 2026,1.28410995
959,10.5500946,,9.46E-05,0.000188,-0.001241,Wed Apr 15 02:19:27 2026,1.318761826
960,10.20872879,,9.46E-05,0.000188,-0.001241,Wed Apr 15 02:19:53 2026,1.276091099
961,10.23521709,,9.46E-05,0.000188,-0.001241,Wed Apr 15 02:20:21 2026,1.279402137
962,10.11739254,,9.46E-05,0.000188,-0.001241,Wed Apr 15 02:20:49 2026,1.264674067
963,10.94450092,,9.46E-05,0.000188,-0.001241,Wed Apr 15 02:21:23 2026,1.368062615
964,10.08594131,,9.45E-05,0.000188,-0.001241,Wed Apr 15 02:21:53 2026,1.260742664
965,9.726247787,,9.45E-05,0.000188,-0.001241,Wed Apr 15 02:22:23 2026,1.215780973
966,10.02637672,,9.45E-05,0.000188,-0.001241,Wed Apr 15 02:22:50 2026,1.253297091
967,9.937754631,,9.45E-05,0.000188,-0.001241,Wed Apr 15 02:23:17 2026,1.242219329
968,9.771760941,,9.45E-05,0.000188,-0.001241,Wed Apr 15 02:24:45 2026,1.221470118
969,10.17256832,,9.45E-05,0.000188,-0.001241,Wed Apr 15 02:25:29 2026,1.27157104
970,10.43549919,,9.45E-05,0.000188,-0.001241,Wed Apr 15 02:25:57 2026,1.304437399
971,9.878251076,,9.44E-05,0.000188,-0.001241,Wed Apr 15 02:26:22 2026,1.234781384
972,9.91372776,,9.44E-05,0.000188,-0.001241,Wed Apr 15 02:26:45 2026,1.23921597
973,10.12141609,,9.44E-05,0.000188,-0.001241,Wed Apr 15 02:27:08 2026,1.265177011
974,9.649862289,,9.44E-05,0.000188,-0.001241,Wed Apr 15 02:27:30 2026,1.206232786
975,9.741786003,,9.44E-05,0.000188,-0.001241,Wed Apr 15 02:28:53 2026,1.21772325
976,10.12945652,,9.44E-05,0.000188,-0.001241,Wed Apr 15 02:29:35 2026,1.266182065
977,9.708909988,,9.43E-05,0.000188,-0.001241,Wed Apr 15 02:29:57 2026,1.213613749
978,9.816021919,,9.43E-05,0.000188,-0.001241,Wed Apr 15 02:30:20 2026,1.22700274
979,10.01665211,,9.43E-05,0.000188,-0.001241,Wed Apr 15 02:30:42 2026,1.252081513
980,10.31009102,,9.43E-05,0.000188,-0.001241,Wed Apr 15 02:31:06 2026,1.288761377
981,10.1606884,,9.43E-05,0.000188,-0.001241,Wed Apr 15 02:31:28 2026,1.27008605
982,9.805875778,,9.43E-05,0.000188,-0.001241,Wed Apr 15 02:32:38 2026,1.225734472
983,9.895750046,,9.43E-05,0.000188,-0.001241,Wed Apr 15 02:33:00 2026,1.236968756
984,9.980560303,,9.42E-05,0.000188,-0.001241,Wed Apr 15 02:33:23 2026,1.247570038
985,10.163867,,9.42E-05,0.000188,-0.001241,Wed Apr 15 02:33:45 2026,1.270483375
986,9.917474747,,9.42E-05,0.000188,-0.001241,Wed Apr 15 02:34:08 2026,1.239684343
987,10.06385517,,9.42E-05,0.000188,-0.001241,Wed Apr 15 02:34:31 2026,1.257981896
988,10.02813721,,9.42E-05,0.000188,-0.001241,Wed Apr 15 02:35:14 2026,1.253517151
989,9.746689796,,9.42E-05,0.000188,-0.001241,Wed Apr 15 02:35:37 2026,1.218336225
990,9.72132206,,9.41E-05,0.000188,-0.001241,Wed Apr 15 02:36:00 2026,1.215165257
991,9.884366035,,9.41E-05,0.000188,-0.001241,Wed Apr 15 02:36:23 2026,1.235545754
992,10.00721836,,9.41E-05,0.000188,-0.001241,Wed Apr 15 02:36:46 2026,1.250902295
993,9.779335022,,9.41E-05,0.000188,-0.001241,Wed Apr 15 02:37:09 2026,1.222416878
994,9.726770401,,9.41E-05,0.000188,-0.001241,Wed Apr 15 02:37:32 2026,1.2158463
995,9.736984253,,9.41E-05,0.000188,-0.001241,Wed Apr 15 02:37:55 2026,1.217123032
996,10.34228325,,9.41E-05,0.000188,-0.001241,Wed Apr 15 02:38:18 2026,1.292785406
997,9.406352997,,9.40E-05,0.000183,-0.001241,Wed Apr 15 02:38:43 2026,1.175794125
998,9.638019562,,9.40E-05,0.000178,-0.001241,Wed Apr 15 02:39:10 2026,1.204752445
999,9.692640305,,9.40E-05,0.000173,-0.001241,Wed Apr 15 02:39:39 2026,1.211580038
1000,9.471757889,,9.40E-05,0.000168,-0.001241,Wed Apr 15 02:40:08 2026,1.183969736
1000,,1.233034849,,0.000168,-0.001241,Wed Apr 15 02:40:31 2026,
1001,9.477872849,,9.40E-05,0.000168,-0.001241,Wed Apr 15 02:41:55 2026,1.184734106
1002,9.296387672,,9.40E-05,0.000168,-0.001241,Wed Apr 15 02:43:26 2026,1.162048459
1003,10.4189806,,9.39E-05,0.000168,-0.001241,Wed Apr 15 02:44:32 2026,1.302372575
1004,9.471076965,,9.39E-05,0.000168,-0.001241,Wed Apr 15 02:44:57 2026,1.183884621
1005,9.638293266,,9.39E-05,0.000168,-0.001241,Wed Apr 15 02:45:24 2026,1.204786658
1006,9.524116516,,9.39E-05,0.000148,-0.001241,Wed Apr 15 02:45:50 2026,1.190514565
1007,9.419872284,,9.39E-05,0.000122,-0.001241,Wed Apr 15 02:46:16 2026,1.177484035
1008,9.331814766,,9.39E-05,0.000097,-0.001241,Wed Apr 15 02:46:44 2026,1.166476846
1009,9.117235184,,9.38E-05,0.000071,-0.001241,Wed Apr 15 02:48:08 2026,1.139654398
1010,9.709690094,,9.38E-05,0.000051,-0.001241,Wed Apr 15 02:48:43 2026,1.213711262
1011,9.628385544,,9.38E-05,0.000031,-0.001241,Wed Apr 15 02:49:05 2026,1.203548193
1012,9.265110016,,9.38E-05,0.00001,-0.001241,Wed Apr 15 02:49:27 2026,1.158138752
1013,9.411869049,,9.38E-05,-0.00001,-0.001241,Wed Apr 15 02:49:50 2026,1.176483631
1014,9.377533913,,9.38E-05,-0.000015,-0.001241,Wed Apr 15 02:50:12 2026,1.172191739
1015,9.81710434,,9.38E-05,-0.00002,-0.001241,Wed Apr 15 02:50:35 2026,1.227138042
1016,9.811668396,,9.37E-05,-0.00002,-0.001241,Wed Apr 15 02:50:57 2026,1.226458549
1017,9.717525482,,9.37E-05,-0.00002,-0.001241,Wed Apr 15 02:51:20 2026,1.214690685
1018,9.079170227,,9.37E-05,-0.00002,-0.001241,Wed Apr 15 02:51:43 2026,1.134896278
1019,10.40500832,,9.37E-05,-0.00002,-0.001241,Wed Apr 15 02:52:12 2026,1.30062604
1020,10.04798603,,9.37E-05,-0.00002,-0.001241,Wed Apr 15 02:52:38 2026,1.255998254
1021,9.36101532,,9.37E-05,-0.00002,-0.001241,Wed Apr 15 02:53:05 2026,1.170126915
1022,9.539510727,,9.36E-05,-0.00002,-0.001241,Wed Apr 15 02:53:31 2026,1.192438841
1023,9.66592598,,9.36E-05,-0.000031,-0.001241,Wed Apr 15 02:53:58 2026,1.208240747
1024,9.928437233,,9.36E-05,-0.000031,-0.001241,Wed Apr 15 02:54:24 2026,1.241054654
1025,10.09413147,,9.36E-05,-0.000031,-0.001241,Wed Apr 15 02:54:51 2026,1.261766434
1026,9.678321838,,9.36E-05,-0.000031,-0.001241,Wed Apr 15 02:55:19 2026,1.20979023
1027,9.439926147,,9.36E-05,-0.000031,-0.001241,Wed Apr 15 02:55:47 2026,1.179990768
1028,9.617228508,,9.35E-05,-0.000031,-0.001241,Wed Apr 15 02:56:09 2026,1.202153563
1029,9.769449234,,9.35E-05,-0.000051,-0.001241,Wed Apr 15 02:56:32 2026,1.221181154
1030,9.579687119,,9.35E-05,-0.000051,-0.001241,Wed Apr 15 02:56:54 2026,1.19746089
1031,9.799844742,,9.35E-05,-0.000051,-0.001241,Wed Apr 15 02:57:17 2026,1.224980593
1032,9.075024605,,9.35E-05,-0.000051,-0.001241,Wed Apr 15 02:57:41 2026,1.134378076
1033,9.557183266,,9.35E-05,-0.000051,-0.001241,Wed Apr 15 02:58:04 2026,1.194647908
1034,10.22411633,,9.34E-05,-0.000051,-0.001241,Wed Apr 15 02:58:28 2026,1.278014541
1035,9.447515488,,9.34E-05,-0.000051,-0.001241,Wed Apr 15 02:58:51 2026,1.180939436
1036,9.611713409,,9.34E-05,-0.000051,-0.001241,Wed Apr 15 02:59:13 2026,1.201464176
1037,9.410179138,,9.34E-05,-0.000051,-0.001241,Wed Apr 15 02:59:37 2026,1.176272392
1038,9.39884758,,9.34E-05,-0.000051,-0.001231,Wed Apr 15 03:00:05 2026,1.174855947
1039,9.267331123,,9.34E-05,-0.000071,-0.001231,Wed Apr 15 03:00:31 2026,1.15841639
1040,9.267420769,,9.33E-05,-0.000102,-0.001231,Wed Apr 15 03:00:54 2026,1.158427596
1041,9.160896301,,9.33E-05,-0.000127,-0.001231,Wed Apr 15 03:01:17 2026,1.145112038
1042,9.27319622,,9.33E-05,-0.000153,-0.001221,Wed Apr 15 03:01:41 2026,1.159149528
1043,9.177308083,,9.33E-05,-0.000158,-0.001221,Wed Apr 15 03:02:14 2026,1.14716351
1044,9.738580704,,9.33E-05,-0.000163,-0.001221,Wed Apr 15 03:03:30 2026,1.217322588
1045,9.696455956,,9.33E-05,-0.000163,-0.001221,Wed Apr 15 03:03:53 2026,1.212056994
1046,9.280721664,,9.32E-05,-0.000163,-0.001221,Wed Apr 15 03:04:16 2026,1.160090208
1047,9.181361198,,9.32E-05,-0.000163,-0.001221,Wed Apr 15 03:04:39 2026,1.14767015
1048,9.428547859,,9.32E-05,-0.000163,-0.001221,Wed Apr 15 03:05:02 2026,1.178568482
1049,9.093603134,,9.32E-05,-0.000163,-0.001221,Wed Apr 15 03:05:25 2026,1.136700392
1050,9.427269936,,9.32E-05,-0.000163,-0.001221,Wed Apr 15 03:06:20 2026,1.178408742
1051,9.721868515,,9.32E-05,-0.000163,-0.001221,Wed Apr 15 03:07:32 2026,1.215233564
1052,9.325751305,,9.31E-05,-0.000163,-0.001221,Wed Apr 15 03:07:54 2026,1.165718913
1053,9.363288879,,9.31E-05,-0.000168,-0.001221,Wed Apr 15 03:08:17 2026,1.17041111
1054,9.287606239,,9.31E-05,-0.000173,-0.001221,Wed Apr 15 03:08:41 2026,1.16095078
1055,10.05479717,,9.31E-05,-0.000178,-0.001221,Wed Apr 15 03:09:04 2026,1.256849647
1056,9.242033958,,9.31E-05,-0.000198,-0.001211,Wed Apr 15 03:09:27 2026,1.155254245
1057,8.893258095,,9.31E-05,-0.000224,-0.001211,Wed Apr 15 03:09:49 2026,1.111657262
1058,9.20134449,,9.30E-05,-0.000249,-0.001211,Wed Apr 15 03:10:12 2026,1.150168061
1059,9.109342575,,9.30E-05,-0.000275,-0.001211,Wed Apr 15 03:10:34 2026,1.138667822
1060,8.951530457,,9.30E-05,-0.000295,-0.0012,Wed Apr 15 03:10:57 2026,1.118941307
1061,9.414619446,,9.30E-05,-0.000295,-0.0012,Wed Apr 15 03:11:20 2026,1.176827431
1062,9.727935791,,9.30E-05,-0.000295,-0.0012,Wed Apr 15 03:11:43 2026,1.215991974
1063,9.061546326,,9.30E-05,-0.000295,-0.0012,Wed Apr 15 03:12:06 2026,1.132693291
1064,9.107344627,,9.29E-05,-0.000295,-0.0012,Wed Apr 15 03:12:28 2026,1.138418078
1065,9.308099747,,9.29E-05,-0.000295,-0.0012,Wed Apr 15 03:12:52 2026,1.163512468
1066,8.844461441,,9.29E-05,-0.000315,-0.0012,Wed Apr 15 03:13:15 2026,1.10555768
1067,9.009366989,,9.29E-05,-0.000315,-0.0012,Wed Apr 15 03:13:37 2026,1.126170874
1068,9.322935104,,9.29E-05,-0.000315,-0.0012,Wed Apr 15 03:14:01 2026,1.165366888
1069,8.9002285,,9.29E-05,-0.000315,-0.0012,Wed Apr 15 03:14:24 2026,1.112528563
1070,9.085809708,,9.28E-05,-0.000315,-0.0012,Wed Apr 15 03:14:47 2026,1.135726213
1071,9.232199669,,9.28E-05,-0.000315,-0.0012,Wed Apr 15 03:15:10 2026,1.154024959
1072,9.402164459,,9.28E-05,-0.000315,-0.0012,Wed Apr 15 03:15:32 2026,1.175270557
1073,9.228106499,,9.28E-05,-0.000315,-0.0012,Wed Apr 15 03:15:55 2026,1.153513312
1074,8.990896225,,9.28E-05,-0.000315,-0.0012,Wed Apr 15 03:16:18 2026,1.123862028
1075,9.132601738,,9.28E-05,-0.000315,-0.0012,Wed Apr 15 03:16:40 2026,1.141575217
1076,9.135242462,,9.27E-05,-0.000315,-0.0012,Wed Apr 15 03:17:03 2026,1.141905308
1077,9.387419701,,9.27E-05,-0.000315,-0.0012,Wed Apr 15 03:17:25 2026,1.173427463
1078,9.152121544,,9.27E-05,-0.000315,-0.0012,Wed Apr 15 03:17:52 2026,1.144015193
1079,9.236810684,,9.27E-05,-0.000315,-0.0012,Wed Apr 15 03:18:19 2026,1.154601336
1080,9.20270443,,9.27E-05,-0.000315,-0.0012,Wed Apr 15 03:18:48 2026,1.150338054
1081,8.962544441,,9.27E-05,-0.000336,-0.0012,Wed Apr 15 03:19:16 2026,1.120318055
1082,8.932599068,,9.26E-05,-0.000336,-0.0012,Wed Apr 15 03:19:45 2026,1.116574883
1083,9.11049366,,9.26E-05,-0.000341,-0.0012,Wed Apr 15 03:20:14 2026,1.138811707
1084,9.201453209,,9.26E-05,-0.000346,-0.0012,Wed Apr 15 03:20:44 2026,1.150181651
1085,8.997594833,,9.26E-05,-0.000351,-0.0012,Wed Apr 15 03:21:10 2026,1.124699354
1086,8.956354141,,9.26E-05,-0.000351,-0.0012,Wed Apr 15 03:21:37 2026,1.119544268
1087,8.980569839,,9.25E-05,-0.000351,-0.0012,Wed Apr 15 03:22:03 2026,1.12257123
1088,9.636735916,,9.25E-05,-0.000351,-0.0012,Wed Apr 15 03:22:29 2026,1.20459199
1089,8.662296295,,9.25E-05,-0.000356,-0.0012,Wed Apr 15 03:22:55 2026,1.082787037
1090,8.829788208,,9.25E-05,-0.000361,-0.0012,Wed Apr 15 03:23:17 2026,1.103723526
1091,8.916652679,,9.25E-05,-0.000366,-0.0012,Wed Apr 15 03:23:40 2026,1.114581585
1092,8.724731445,,9.25E-05,-0.000366,-0.0012,Wed Apr 15 03:24:03 2026,1.090591431
1093,8.739233971,,9.24E-05,-0.000366,-0.0012,Wed Apr 15 03:24:25 2026,1.092404246
1094,8.552854538,,9.24E-05,-0.000366,-0.0012,Wed Apr 15 03:24:48 2026,1.069106817
1095,9.662096977,,9.24E-05,-0.000366,-0.0012,Wed Apr 15 03:25:10 2026,1.207762122
1096,8.70554924,,9.24E-05,-0.000366,-0.0012,Wed Apr 15 03:25:33 2026,1.088193655
1097,8.825131416,,9.24E-05,-0.000366,-0.0012,Wed Apr 15 03:25:56 2026,1.103141427
1098,8.763003349,,9.24E-05,-0.000371,-0.0012,Wed Apr 15 03:26:18 2026,1.095375419
1099,8.652479172,,9.23E-05,-0.000376,-0.00119,Wed Apr 15 03:26:41 2026,1.081559896
1100,8.597103119,,9.23E-05,-0.000381,-0.00119,Wed Apr 15 03:27:03 2026,1.07463789
1100,,1.128324866,,-0.000381,-0.00119,Wed Apr 15 03:27:21 2026,
1101,8.398641586,,9.23E-05,-0.000387,-0.00119,Wed Apr 15 03:27:45 2026,1.049830198
1102,8.948740959,,9.23E-05,-0.000392,-0.00119,Wed Apr 15 03:28:08 2026,1.11859262
1103,8.910168648,,9.23E-05,-0.000392,-0.00119,Wed Apr 15 03:28:31 2026,1.113771081
1104,8.574642181,,9.23E-05,-0.000392,-0.00119,Wed Apr 15 03:28:53 2026,1.071830273
1105,8.704507828,,9.22E-05,-0.000412,-0.00119,Wed Apr 15 03:29:16 2026,1.088063478
1106,8.669567108,,9.22E-05,-0.000432,-0.00119,Wed Apr 15 03:29:39 2026,1.083695889
1107,9.155181885,,9.22E-05,-0.000432,-0.00119,Wed Apr 15 03:30:03 2026,1.144397736
1108,9.109753609,,9.22E-05,-0.000432,-0.00119,Wed Apr 15 03:30:25 2026,1.138719201
1109,9.031682014,,9.22E-05,-0.000437,-0.00119,Wed Apr 15 03:30:51 2026,1.128960252
1110,8.4861269,,9.21E-05,-0.000437,-0.00119,Wed Apr 15 03:31:20 2026,1.060765862
1111,9.644113541,,9.21E-05,-0.000437,-0.00119,Wed Apr 15 03:31:52 2026,1.205514193
1112,9.36034584,,9.21E-05,-0.000437,-0.00119,Wed Apr 15 03:32:20 2026,1.17004323
1113,8.701177597,,9.21E-05,-0.000437,-0.00119,Wed Apr 15 03:32:49 2026,1.0876472
1114,8.840992928,,9.21E-05,-0.000437,-0.00119,Wed Apr 15 03:33:18 2026,1.105124116
1115,8.988192558,,9.21E-05,-0.000437,-0.00119,Wed Apr 15 03:33:48 2026,1.12352407
1116,9.228759766,,9.20E-05,-0.000458,-0.00119,Wed Apr 15 03:34:16 2026,1.153594971
1117,9.407441139,,9.20E-05,-0.000478,-0.00119,Wed Apr 15 03:34:51 2026,1.175930142
1118,9.029780388,,9.20E-05,-0.000478,-0.00119,Wed Apr 15 03:35:34 2026,1.128722548
1119,8.820874214,,9.20E-05,-0.000478,-0.00119,Wed Apr 15 03:35:59 2026,1.102609277
1120,8.953756332,,9.20E-05,-0.000478,-0.00119,Wed Apr 15 03:36:22 2026,1.119219542
1121,9.117687225,,9.19E-05,-0.000478,-0.00119,Wed Apr 15 03:36:45 2026,1.139710903
1122,8.916563988,,9.19E-05,-0.000478,-0.00119,Wed Apr 15 03:37:08 2026,1.114570498
1123,9.154413223,,9.19E-05,-0.000478,-0.00119,Wed Apr 15 03:37:31 2026,1.144301653
1124,8.485836983,,9.19E-05,-0.000478,-0.00119,Wed Apr 15 03:38:51 2026,1.060729623
1125,8.847657204,,9.19E-05,-0.000478,-0.00119,Wed Apr 15 03:39:18 2026,1.10595715
1126,9.578063011,,9.19E-05,-0.000478,-0.00119,Wed Apr 15 03:39:43 2026,1.197257876
1127,8.839406967,,9.18E-05,-0.000478,-0.00119,Wed Apr 15 03:40:09 2026,1.104925871
1128,8.925428391,,9.18E-05,-0.000478,-0.00118,Wed Apr 15 03:40:36 2026,1.115678549
1129,8.807269096,,9.18E-05,-0.000478,-0.00118,Wed Apr 15 03:41:02 2026,1.100908637
1130,8.848400116,,9.18E-05,-0.000478,-0.00118,Wed Apr 15 03:41:30 2026,1.106050014
1131,8.704889297,,9.18E-05,-0.000478,-0.00118,Wed Apr 15 03:42:54 2026,1.088111162
1132,8.681400299,,9.17E-05,-0.000478,-0.00118,Wed Apr 15 03:43:20 2026,1.085175037
1133,8.58362484,,9.17E-05,-0.000483,-0.00118,Wed Apr 15 03:43:45 2026,1.072953105
1134,8.880937576,,9.17E-05,-0.000483,-0.00118,Wed Apr 15 03:44:08 2026,1.110117197
1135,8.901200294,,9.17E-05,-0.000483,-0.00118,Wed Apr 15 03:44:31 2026,1.112650037
1136,9.470732689,,9.17E-05,-0.000483,-0.00118,Wed Apr 15 03:44:53 2026,1.183841586
1137,9.379320145,,9.17E-05,-0.000483,-0.00118,Wed Apr 15 03:45:16 2026,1.172415018
1138,8.870802879,,9.16E-05,-0.000483,-0.00118,Wed Apr 15 03:46:38 2026,1.10885036
1139,8.728916168,,9.16E-05,-0.000483,-0.00118,Wed Apr 15 03:47:14 2026,1.091114521
1140,8.95297718,,9.16E-05,-0.000483,-0.00118,Wed Apr 15 03:47:39 2026,1.119122148
1141,8.64852047,,9.16E-05,-0.000483,-0.00118,Wed Apr 15 03:48:06 2026,1.081065059
1142,8.844179153,,9.16E-05,-0.000483,-0.00118,Wed Apr 15 03:48:32 2026,1.105522394
1143,9.10197258,,9.15E-05,-0.000483,-0.00118,Wed Apr 15 03:48:59 2026,1.137746572
1144,8.841579437,,9.15E-05,-0.000483,-0.00118,Wed Apr 15 03:49:22 2026,1.10519743
1145,8.891648293,,9.15E-05,-0.000483,-0.00118,Wed Apr 15 03:50:45 2026,1.111456037
1146,8.808214188,,9.15E-05,-0.000483,-0.00118,Wed Apr 15 03:51:11 2026,1.101026773
1147,9.51616478,,9.15E-05,-0.000483,-0.00118,Wed Apr 15 03:51:37 2026,1.189520597
1148,8.718751907,,9.15E-05,-0.000483,-0.00118,Wed Apr 15 03:52:04 2026,1.089843988
1149,8.402949333,,9.14E-05,-0.000483,-0.00118,Wed Apr 15 03:52:30 2026,1.050368667
1150,8.75725174,,9.14E-05,-0.000483,-0.00118,Wed Apr 15 03:52:57 2026,1.094656467
1151,8.703186989,,9.14E-05,-0.000483,-0.00118,Wed Apr 15 03:53:48 2026,1.087898374
1152,8.498242378,,9.14E-05,-0.000483,-0.00118,Wed Apr 15 03:54:57 2026,1.062280297
1153,8.926282883,,9.14E-05,-0.000483,-0.00118,Wed Apr 15 03:55:21 2026,1.11578536
1154,9.233693123,,9.13E-05,-0.000483,-0.00118,Wed Apr 15 03:55:43 2026,1.15421164
1155,8.650594711,,9.13E-05,-0.000483,-0.00118,Wed Apr 15 03:56:05 2026,1.081324339
1156,8.738758087,,9.13E-05,-0.000483,-0.00118,Wed Apr 15 03:56:31 2026,1.092344761
1157,8.957280159,,9.13E-05,-0.000483,-0.00118,Wed Apr 15 03:56:58 2026,1.11966002
1158,8.495358467,,9.13E-05,-0.000483,-0.00118,Wed Apr 15 03:58:20 2026,1.061919808
1159,8.552125931,,9.13E-05,-0.000483,-0.00118,Wed Apr 15 03:58:49 2026,1.069015741
1160,8.856030464,,9.12E-05,-0.000483,-0.00118,Wed Apr 15 03:59:15 2026,1.107003808
1161,8.410886765,,9.12E-05,-0.000483,-0.00118,Wed Apr 15 03:59:40 2026,1.051360846
1162,8.532906532,,9.12E-05,-0.000483,-0.00118,Wed Apr 15 04:00:08 2026,1.066613317
1163,8.72923851,,9.12E-05,-0.000483,-0.00118,Wed Apr 15 04:00:36 2026,1.091154814
1164,8.87432003,,9.12E-05,-0.000488,-0.00118,Wed Apr 15 04:01:16 2026,1.109290004
1165,8.754513741,,9.11E-05,-0.000493,-0.00118,Wed Apr 15 04:02:43 2026,1.094314218
1166,8.530554771,,9.11E-05,-0.000498,-0.00118,Wed Apr 15 04:03:11 2026,1.066319346
1167,8.649759293,,9.11E-05,-0.000498,-0.00118,Wed Apr 15 04:03:39 2026,1.081219912
1168,8.711054802,,9.11E-05,-0.000498,-0.00118,Wed Apr 15 04:04:08 2026,1.08888185
1169,8.84368515,,9.11E-05,-0.000498,-0.00118,Wed Apr 15 04:04:37 2026,1.105460644
1170,8.645364761,,9.10E-05,-0.000498,-0.00118,Wed Apr 15 04:05:07 2026,1.080670595
1171,8.711608887,,9.10E-05,-0.000498,-0.00118,Wed Apr 15 04:06:33 2026,1.088951111
1172,8.726890564,,9.10E-05,-0.000498,-0.00118,Wed Apr 15 04:07:02 2026,1.09086132
1173,8.517978668,,9.10E-05,-0.000504,-0.00118,Wed Apr 15 04:07:32 2026,1.064747334
1174,8.444525719,,9.10E-05,-0.000509,-0.00118,Wed Apr 15 04:08:01 2026,1.055565715
1175,8.603259087,,9.10E-05,-0.000534,-0.00117,Wed Apr 15 04:08:24 2026,1.075407386
1176,8.71491909,,9.09E-05,-0.000534,-0.00117,Wed Apr 15 04:08:47 2026,1.089364886
1177,8.527395248,,9.09E-05,-0.000534,-0.00117,Wed Apr 15 04:10:09 2026,1.065924406
1178,8.52654171,,9.09E-05,-0.000534,-0.00117,Wed Apr 15 04:10:42 2026,1.065817714
1179,8.561134338,,9.09E-05,-0.000534,-0.00117,Wed Apr 15 04:11:04 2026,1.070141792
1180,9.062614441,,9.09E-05,-0.000534,-0.00117,Wed Apr 15 04:11:27 2026,1.132826805
1181,8.164149284,,9.08E-05,-0.000559,-0.00117,Wed Apr 15 04:11:50 2026,1.020518661
1182,8.401785851,,9.08E-05,-0.000585,-0.00117,Wed Apr 15 04:12:12 2026,1.050223231
1183,8.435987473,,9.08E-05,-0.00061,-0.00117,Wed Apr 15 04:12:35 2026,1.054498434
1184,8.247879028,,9.08E-05,-0.000636,-0.00117,Wed Apr 15 04:13:51 2026,1.030984879
1185,8.2594347,,9.08E-05,-0.000656,-0.00117,Wed Apr 15 04:14:15 2026,1.032429338
1186,8.074136734,,9.07E-05,-0.000676,-0.00117,Wed Apr 15 04:14:42 2026,1.009267092
1187,9.127977371,,9.07E-05,-0.000676,-0.00117,Wed Apr 15 04:15:10 2026,1.140997171
1188,8.245951653,,9.07E-05,-0.000702,-0.00117,Wed Apr 15 04:15:38 2026,1.030743957
1189,8.355051994,,9.07E-05,-0.000727,-0.00117,Wed Apr 15 04:16:07 2026,1.044381499
1190,8.304512024,,9.07E-05,-0.000753,-0.00116,Wed Apr 15 04:16:36 2026,1.038064003
1191,8.213370323,,9.06E-05,-0.000758,-0.00116,Wed Apr 15 04:17:06 2026,1.02667129
1192,8.129857063,,9.06E-05,-0.000763,-0.00116,Wed Apr 15 04:17:35 2026,1.016232133
1193,7.933013916,,9.06E-05,-0.000788,-0.00116,Wed Apr 15 04:18:04 2026,0.99162674
1194,8.428668022,,9.06E-05,-0.000809,-0.001149,Wed Apr 15 04:18:34 2026,1.053583503
1195,8.397884369,,9.06E-05,-0.000834,-0.001149,Wed Apr 15 04:19:02 2026,1.049735546
1196,8.093240738,,9.05E-05,-0.00086,-0.001149,Wed Apr 15 04:19:29 2026,1.011655092
1197,8.224542618,,9.05E-05,-0.000885,-0.001149,Wed Apr 15 04:19:55 2026,1.028067827
1198,8.184562683,,9.05E-05,-0.00091,-0.001149,Wed Apr 15 04:20:22 2026,1.023070335
1199,8.609300613,,9.05E-05,-0.000936,-0.001149,Wed Apr 15 04:20:48 2026,1.076162577
1200,8.582904816,,9.05E-05,-0.000956,-0.001149,Wed Apr 15 04:21:14 2026,1.072863102
1200,,1.056658983,,-0.000956,-0.001149,Wed Apr 15 04:21:33 2026,
1201,8.485931396,,9.05E-05,-0.000956,-0.001149,Wed Apr 15 04:22:02 2026,1.060741425
1202,7.93418026,,9.04E-05,-0.000956,-0.001149,Wed Apr 15 04:22:28 2026,0.991772532
1203,9.076732635,,9.04E-05,-0.000956,-0.001139,Wed Apr 15 04:22:57 2026,1.134591579
1204,8.848431587,,9.04E-05,-0.000956,-0.001139,Wed Apr 15 04:23:26 2026,1.106053948
1205,8.2278862,,9.04E-05,-0.000956,-0.001139,Wed Apr 15 04:23:55 2026,1.028485775
1206,8.369274139,,9.04E-05,-0.000956,-0.001139,Wed Apr 15 04:24:24 2026,1.046159267
1207,8.484903336,,9.03E-05,-0.000956,-0.001139,Wed Apr 15 04:24:53 2026,1.060612917
1208,8.741812706,,9.03E-05,-0.000956,-0.001139,Wed Apr 15 04:25:21 2026,1.092726588
1209,8.858025551,,9.03E-05,-0.000956,-0.001129,Wed Apr 15 04:25:48 2026,1.107253194
1210,8.564780235,,9.03E-05,-0.000956,-0.001129,Wed Apr 15 04:26:15 2026,1.070597529
1211,8.358887672,,9.03E-05,-0.000956,-0.001129,Wed Apr 15 04:26:40 2026,1.044860959
1212,8.589234352,,9.02E-05,-0.000956,-0.001129,Wed Apr 15 04:27:03 2026,1.073654294
1213,8.748209953,,9.02E-05,-0.000956,-0.001129,Wed Apr 15 04:27:26 2026,1.093526244
1214,8.423568726,,9.02E-05,-0.000956,-0.001119,Wed Apr 15 04:27:49 2026,1.052946091
1215,8.965595245,,9.02E-05,-0.000956,-0.001119,Wed Apr 15 04:29:18 2026,1.120699406
1216,8.310248375,,9.02E-05,-0.000956,-0.001119,Wed Apr 15 04:30:25 2026,1.038781047
1217,8.490725517,,9.01E-05,-0.000966,-0.001119,Wed Apr 15 04:30:51 2026,1.06134069
1218,9.384714127,,9.01E-05,-0.000966,-0.001119,Wed Apr 15 04:31:18 2026,1.173089266
1219,8.764217377,,9.01E-05,-0.000966,-0.001119,Wed Apr 15 04:31:46 2026,1.095527172
1220,8.755271912,,9.01E-05,-0.000966,-0.001109,Wed Apr 15 04:32:11 2026,1.094408989
1221,8.398159027,,9.01E-05,-0.000966,-0.001109,Wed Apr 15 04:32:33 2026,1.049769878
1222,8.452760696,,9.00E-05,-0.000966,-0.001109,Wed Apr 15 04:33:51 2026,1.056595087
1223,8.305225372,,9.00E-05,-0.000966,-0.001109,Wed Apr 15 04:34:24 2026,1.038153172
1224,8.213573456,,9.00E-05,-0.000966,-0.001109,Wed Apr 15 04:34:46 2026,1.026696682
1225,8.195064545,,9.00E-05,-0.000966,-0.001109,Wed Apr 15 04:35:09 2026,1.024383068
1226,8.352342606,,9.00E-05,-0.000966,-0.001109,Wed Apr 15 04:35:32 2026,1.044042826
1227,8.165968895,,8.99E-05,-0.000966,-0.001109,Wed Apr 15 04:35:54 2026,1.020746112
1228,8.701704025,,8.99E-05,-0.000966,-0.001109,Wed Apr 15 04:36:17 2026,1.087713003
1229,8.748306274,,8.99E-05,-0.000966,-0.001109,Wed Apr 15 04:37:21 2026,1.093538284
1230,8.300724983,,8.99E-05,-0.000966,-0.001109,Wed Apr 15 04:37:43 2026,1.037590623
1231,8.132580757,,8.99E-05,-0.000966,-0.001109,Wed Apr 15 04:38:05 2026,1.016572595
1232,8.462814331,,8.98E-05,-0.000966,-0.001109,Wed Apr 15 04:38:28 2026,1.057851791
1233,8.153682709,,8.98E-05,-0.000966,-0.001109,Wed Apr 15 04:38:50 2026,1.019210339
1234,8.345442772,,8.98E-05,-0.000971,-0.001109,Wed Apr 15 04:39:13 2026,1.043180346
1235,8.662856102,,8.98E-05,-0.000977,-0.001109,Wed Apr 15 04:39:36 2026,1.082857013
1236,8.353562355,,8.98E-05,-0.000977,-0.001109,Wed Apr 15 04:39:58 2026,1.044195294
1237,8.341240883,,8.97E-05,-0.000977,-0.001109,Wed Apr 15 04:40:21 2026,1.04265511
1238,8.34709549,,8.97E-05,-0.000977,-0.001109,Wed Apr 15 04:40:43 2026,1.043386936
1239,9.110417366,,8.97E-05,-0.000977,-0.001109,Wed Apr 15 04:41:06 2026,1.138802171
1240,8.280870438,,8.97E-05,-0.000977,-0.001109,Wed Apr 15 04:41:29 2026,1.035108805
1241,7.953561783,,8.97E-05,-0.000982,-0.001109,Wed Apr 15 04:41:51 2026,0.994195223
1242,8.264982224,,8.96E-05,-0.000987,-0.001109,Wed Apr 15 04:42:14 2026,1.033122778
1243,8.192610741,,8.96E-05,-0.000992,-0.001109,Wed Apr 15 04:42:37 2026,1.024076343
1244,8.014338493,,8.96E-05,-0.000992,-0.001109,Wed Apr 15 04:42:59 2026,1.001792312
1245,8.287055016,,8.96E-05,-0.000992,-0.001109,Wed Apr 15 04:43:22 2026,1.035881877
1246,8.555358887,,8.96E-05,-0.000992,-0.001109,Wed Apr 15 04:43:45 2026,1.069419861
1247,8.0721035,,8.95E-05,-0.000992,-0.001109,Wed Apr 15 04:44:07 2026,1.009012938
1248,8.143922806,,8.95E-05,-0.000997,-0.001109,Wed Apr 15 04:44:30 2026,1.017990351
1249,8.32264328,,8.95E-05,-0.001002,-0.001109,Wed Apr 15 04:44:53 2026,1.04033041
1250,7.960095882,,8.95E-05,-0.001027,-0.001109,Wed Apr 15 04:45:15 2026,0.995011985
1251,8.001125336,,8.95E-05,-0.001027,-0.001109,Wed Apr 15 04:45:38 2026,1.000140667
1252,8.314912796,,8.94E-05,-0.001027,-0.001109,Wed Apr 15 04:46:01 2026,1.0393641
1253,7.904992104,,8.94E-05,-0.001027,-0.001109,Wed Apr 15 04:46:23 2026,0.988124013
1254,8.100124359,,8.94E-05,-0.001027,-0.001109,Wed Apr 15 04:46:46 2026,1.012515545
1255,8.2439785,,8.94E-05,-0.001027,-0.001109,Wed Apr 15 04:47:08 2026,1.030497313
1256,8.3947258,,8.94E-05,-0.001033,-0.001109,Wed Apr 15 04:47:31 2026,1.049340725
1257,8.241495132,,8.93E-05,-0.001048,-0.001109,Wed Apr 15 04:47:54 2026,1.030186892
1258,8.049166679,,8.93E-05,-0.001068,-0.001109,Wed Apr 15 04:48:16 2026,1.006145835
1259,8.140695572,,8.93E-05,-0.001088,-0.001109,Wed Apr 15 04:48:39 2026,1.017586946
1260,8.216751099,,8.93E-05,-0.001109,-0.001109,Wed Apr 15 04:49:02 2026,1.027093887
1261,8.35015583,,8.93E-05,-0.001109,-0.001109,Wed Apr 15 04:49:24 2026,1.043769479
1262,8.156997681,,8.92E-05,-0.001109,-0.001109,Wed Apr 15 04:49:47 2026,1.01962471
1263,8.251699448,,8.92E-05,-0.001134,-0.001109,Wed Apr 15 04:50:10 2026,1.031462431
1264,8.231007576,,8.92E-05,-0.00116,-0.001109,Wed Apr 15 04:50:32 2026,1.028875947
1265,8.131708145,,8.92E-05,-0.001165,-0.001109,Wed Apr 15 04:50:55 2026,1.016463518
1266,8.047182083,,8.92E-05,-0.00117,-0.001109,Wed Apr 15 04:51:17 2026,1.00589776
1267,8.212278366,,8.91E-05,-0.001175,-0.001109,Wed Apr 15 04:51:40 2026,1.026534796
1268,8.29919529,,8.91E-05,-0.00118,-0.001109,Wed Apr 15 04:52:03 2026,1.037399411
1269,8.084025383,,8.91E-05,-0.00118,-0.001109,Wed Apr 15 04:52:26 2026,1.010503173
1270,8.045053482,,8.91E-05,-0.00118,-0.001109,Wed Apr 15 04:52:48 2026,1.005631685
1271,8.041553497,,8.90E-05,-0.00118,-0.001109,Wed Apr 15 04:53:11 2026,1.005194187
1272,8.657604218,,8.90E-05,-0.00118,-0.001109,Wed Apr 15 04:53:33 2026,1.082200527
1273,7.792702198,,8.90E-05,-0.001185,-0.001109,Wed Apr 15 04:53:58 2026,0.974087775
1274,8.034980774,,8.90E-05,-0.00119,-0.001109,Wed Apr 15 04:54:21 2026,1.004372597
1275,8.260040283,,8.90E-05,-0.001195,-0.001109,Wed Apr 15 04:54:44 2026,1.032505035
1276,7.882851124,,8.89E-05,-0.0012,-0.001109,Wed Apr 15 04:55:07 2026,0.98535639
1277,7.854283333,,8.89E-05,-0.0012,-0.001109,Wed Apr 15 04:55:30 2026,0.981785417
1278,7.698200703,,8.89E-05,-0.0012,-0.001109,Wed Apr 15 04:55:53 2026,0.962275088
1279,8.708024979,,8.89E-05,-0.0012,-0.001109,Wed Apr 15 04:56:16 2026,1.088503122
1280,7.840662479,,8.89E-05,-0.0012,-0.001109,Wed Apr 15 04:56:40 2026,0.98008281
1281,7.948589802,,8.88E-05,-0.0012,-0.001109,Wed Apr 15 04:57:04 2026,0.993573725
1282,7.888170242,,8.88E-05,-0.0012,-0.001109,Wed Apr 15 04:57:27 2026,0.98602128
1283,7.826654434,,8.88E-05,-0.001205,-0.001109,Wed Apr 15 04:57:50 2026,0.978331804
1284,7.795607567,,8.88E-05,-0.001211,-0.001109,Wed Apr 15 04:58:12 2026,0.974450946
1285,7.601376057,,8.88E-05,-0.001216,-0.001109,Wed Apr 15 04:58:36 2026,0.950172007
1286,8.079072952,,8.87E-05,-0.001216,-0.001109,Wed Apr 15 04:58:58 2026,1.009884119
1287,8.032128334,,8.87E-05,-0.001216,-0.001109,Wed Apr 15 05:00:25 2026,1.004016042
1288,7.733175278,,8.87E-05,-0.001216,-0.001109,Wed Apr 15 05:00:47 2026,0.96664691
1289,7.852154255,,8.87E-05,-0.001216,-0.001109,Wed Apr 15 05:01:10 2026,0.981519282
1290,7.830966949,,8.87E-05,-0.001221,-0.001109,Wed Apr 15 05:01:33 2026,0.978870869
1291,8.215625763,,8.86E-05,-0.001241,-0.001109,Wed Apr 15 05:01:56 2026,1.02695322
1292,8.192139626,,8.86E-05,-0.001261,-0.001109,Wed Apr 15 05:02:20 2026,1.024017453
1293,8.113532066,,8.86E-05,-0.001287,-0.001109,Wed Apr 15 05:03:31 2026,1.014191508
1294,7.565983295,,8.86E-05,-0.001312,-0.001109,Wed Apr 15 05:04:18 2026,0.945747912
1295,8.769136429,,8.85E-05,-0.001317,-0.001109,Wed Apr 15 05:04:43 2026,1.096142054
1296,8.471818924,,8.85E-05,-0.001317,-0.001109,Wed Apr 15 05:05:06 2026,1.058977365
1297,7.845678329,,8.85E-05,-0.001317,-0.001109,Wed Apr 15 05:05:28 2026,0.980709791
1298,7.990151882,,8.85E-05,-0.001317,-0.001109,Wed Apr 15 05:05:51 2026,0.998768985
1299,8.124668121,,8.85E-05,-0.001317,-0.001109,Wed Apr 15 05:06:14 2026,1.015583515
1300,8.372376442,,8.84E-05,-0.001317,-0.001109,Wed Apr 15 05:06:37 2026,1.046547055
1300,,1.006483674,,-0.001317,-0.001109,Wed Apr 15 05:06:54 2026,
1301,8.503126144,,8.84E-05,-0.001317,-0.001109,Wed Apr 15 05:08:10 2026,1.062890768
1302,8.143316269,,8.84E-05,-0.001317,-0.001109,Wed Apr 15 05:08:34 2026,1.017914534
1303,7.996994495,,8.84E-05,-0.001317,-0.001109,Wed Apr 15 05:08:59 2026,0.999624312
1304,8.089867592,,8.84E-05,-0.001317,-0.001109,Wed Apr 15 05:09:23 2026,1.011233449
1305,8.226084709,,8.83E-05,-0.001317,-0.001109,Wed Apr 15 05:09:46 2026,1.028260589
1306,8.09231472,,8.83E-05,-0.001317,-0.001109,Wed Apr 15 05:10:09 2026,1.01153934
1307,8.265627861,,8.83E-05,-0.001338,-0.001099,Wed Apr 15 05:10:32 2026,1.033203483
1308,7.669714451,,8.83E-05,-0.001358,-0.001099,Wed Apr 15 05:11:53 2026,0.958714306
1309,8.066572189,,8.83E-05,-0.001358,-0.001099,Wed Apr 15 05:12:39 2026,1.008321524
1310,8.743201256,,8.82E-05,-0.001358,-0.001099,Wed Apr 15 05:13:01 2026,1.092900157
1311,8.039243698,,8.82E-05,-0.001358,-0.001099,Wed Apr 15 05:13:24 2026,1.004905462
1312,8.223741531,,8.82E-05,-0.001358,-0.001099,Wed Apr 15 05:13:46 2026,1.027967691
1313,8.010955811,,8.82E-05,-0.001358,-0.001099,Wed Apr 15 05:14:08 2026,1.001369476
1314,8.015372276,,8.81E-05,-0.001358,-0.001099,Wed Apr 15 05:14:31 2026,1.001921535
1315,8.022149086,,8.81E-05,-0.001358,-0.001099,Wed Apr 15 05:14:54 2026,1.002768636
1316,8.023393631,,8.81E-05,-0.001358,-0.001099,Wed Apr 15 05:15:17 2026,1.002924204
1317,7.899394512,,8.81E-05,-0.001358,-0.001099,Wed Apr 15 05:15:41 2026,0.987424314
1318,7.974750996,,8.81E-05,-0.001358,-0.001099,Wed Apr 15 05:16:03 2026,0.996843874
1319,8.011062622,,8.80E-05,-0.001358,-0.001099,Wed Apr 15 05:16:26 2026,1.001382828
1320,8.523677826,,8.80E-05,-0.001358,-0.001099,Wed Apr 15 05:16:49 2026,1.065459728
1321,8.406245232,,8.80E-05,-0.001358,-0.001099,Wed Apr 15 05:17:13 2026,1.050780654
1322,7.999637127,,8.80E-05,-0.001358,-0.001099,Wed Apr 15 05:17:36 2026,0.999954641
1323,7.878658772,,8.80E-05,-0.001358,-0.001099,Wed Apr 15 05:17:59 2026,0.984832346
1324,8.121130943,,8.79E-05,-0.001358,-0.001099,Wed Apr 15 05:18:21 2026,1.015141368
1325,7.835488796,,8.79E-05,-0.001358,-0.001099,Wed Apr 15 05:18:44 2026,0.9794361
1326,8.046530724,,8.79E-05,-0.001358,-0.001099,Wed Apr 15 05:20:17 2026,1.00581634
1327,8.325027466,,8.79E-05,-0.001358,-0.001099,Wed Apr 15 05:21:13 2026,1.040628433
1328,7.973282814,,8.78E-05,-0.001358,-0.001099,Wed Apr 15 05:21:39 2026,0.996660352
1329,8.010543823,,8.78E-05,-0.001358,-0.001099,Wed Apr 15 05:22:05 2026,1.001317978
1330,7.95811367,,8.78E-05,-0.001358,-0.001099,Wed Apr 15 05:22:31 2026,0.994764209
1331,8.655294418,,8.78E-05,-0.001358,-0.001099,Wed Apr 15 05:22:55 2026,1.081911802
1332,7.907322884,,8.78E-05,-0.001363,-0.001099,Wed Apr 15 05:23:18 2026,0.98841536
1333,7.607579708,,8.77E-05,-0.001389,-0.001099,Wed Apr 15 05:24:40 2026,0.950947464
1334,7.874916553,,8.77E-05,-0.001414,-0.001099,Wed Apr 15 05:25:25 2026,0.984364569
1335,7.773758888,,8.77E-05,-0.001419,-0.001099,Wed Apr 15 05:25:47 2026,0.971719861
1336,7.606320381,,8.77E-05,-0.001444,-0.001099,Wed Apr 15 05:26:09 2026,0.950790048
1337,7.913169384,,8.76E-05,-0.00147,-0.001099,Wed Apr 15 05:26:32 2026,0.989146173
1338,8.167420387,,8.76E-05,-0.00149,-0.001099,Wed Apr 15 05:26:54 2026,1.020927548
1339,7.670042515,,8.76E-05,-0.001511,-0.001099,Wed Apr 15 05:27:17 2026,0.958755314
1340,7.755828381,,8.76E-05,-0.001536,-0.001099,Wed Apr 15 05:27:39 2026,0.969478548
1341,7.940426826,,8.76E-05,-0.001561,-0.001099,Wed Apr 15 05:28:05 2026,0.992553353
1342,7.54613924,,8.75E-05,-0.001587,-0.001099,Wed Apr 15 05:28:33 2026,0.943267405
1343,7.614639759,,8.75E-05,-0.001612,-0.001099,Wed Apr 15 05:29:02 2026,0.95182997
1344,7.948029995,,8.75E-05,-0.001648,-0.001088,Wed Apr 15 05:29:31 2026,0.993503749
1345,7.516859055,,8.75E-05,-0.001673,-0.001078,Wed Apr 15 05:30:01 2026,0.939607382
1346,7.64641428,,8.75E-05,-0.001699,-0.001078,Wed Apr 15 05:30:31 2026,0.955801785
1347,7.853810787,,8.74E-05,-0.001724,-0.001078,Wed Apr 15 05:30:58 2026,0.981726348
1348,8.013875008,,8.74E-05,-0.001729,-0.001078,Wed Apr 15 05:31:25 2026,1.001734376
1349,7.852620602,,8.74E-05,-0.001729,-0.001078,Wed Apr 15 05:31:53 2026,0.981577575
1350,7.643843174,,8.74E-05,-0.001729,-0.001078,Wed Apr 15 05:33:08 2026,0.955480397
1351,7.728837967,,8.73E-05,-0.001755,-0.001078,Wed Apr 15 05:33:36 2026,0.966104746
1352,7.804131031,,8.73E-05,-0.00178,-0.001078,Wed Apr 15 05:34:03 2026,0.975516379
1353,7.913021564,,8.73E-05,-0.001785,-0.001078,Wed Apr 15 05:34:30 2026,0.989127696
1354,7.724079609,,8.73E-05,-0.00179,-0.001078,Wed Apr 15 05:34:56 2026,0.965509951
1355,7.827054977,,8.73E-05,-0.001795,-0.001078,Wed Apr 15 05:35:23 2026,0.978381872
1356,7.796273232,,8.72E-05,-0.001821,-0.001078,Wed Apr 15 05:36:52 2026,0.974534154
1357,7.629302979,,8.72E-05,-0.001826,-0.001078,Wed Apr 15 05:37:58 2026,0.953662872
1358,7.551578045,,8.72E-05,-0.001831,-0.001078,Wed Apr 15 05:38:21 2026,0.943947256
1359,7.720879555,,8.72E-05,-0.001856,-0.001078,Wed Apr 15 05:38:44 2026,0.965109944
1360,7.785803795,,8.71E-05,-0.001882,-0.001078,Wed Apr 15 05:39:07 2026,0.973225474
1361,7.625274658,,8.71E-05,-0.001887,-0.001078,Wed Apr 15 05:39:30 2026,0.953159332
1362,7.581513405,,8.71E-05,-0.001887,-0.001078,Wed Apr 15 05:39:52 2026,0.947689176
1363,7.589667797,,8.71E-05,-0.001907,-0.001078,Wed Apr 15 05:41:06 2026,0.948708475
1364,8.138382912,,8.71E-05,-0.001928,-0.001078,Wed Apr 15 05:41:30 2026,1.017297864
1365,7.324635506,,8.70E-05,-0.001953,-0.001078,Wed Apr 15 05:41:53 2026,0.915579438
1366,7.548900604,,8.70E-05,-0.001979,-0.001078,Wed Apr 15 05:42:16 2026,0.943612576
1367,7.536299229,,8.70E-05,-0.002004,-0.001078,Wed Apr 15 05:42:38 2026,0.942037404
1368,7.359679699,,8.70E-05,-0.002029,-0.001078,Wed Apr 15 05:43:01 2026,0.919959962
1369,7.389019489,,8.69E-05,-0.002055,-0.001078,Wed Apr 15 05:43:23 2026,0.923627436
1370,7.245182991,,8.69E-05,-0.002055,-0.001078,Wed Apr 15 05:43:46 2026,0.905647874
1371,8.208169937,,8.69E-05,-0.002055,-0.001078,Wed Apr 15 05:44:11 2026,1.026021242
1372,7.383666515,,8.69E-05,-0.002055,-0.001078,Wed Apr 15 05:44:33 2026,0.922958314
1373,7.484716415,,8.69E-05,-0.002055,-0.001078,Wed Apr 15 05:44:57 2026,0.935589552
1374,7.441362381,,8.68E-05,-0.00208,-0.001078,Wed Apr 15 05:45:20 2026,0.930170298
1375,7.365424633,,8.68E-05,-0.002085,-0.001078,Wed Apr 15 05:45:43 2026,0.920678079
1376,7.282231808,,8.68E-05,-0.00209,-0.001078,Wed Apr 15 05:46:06 2026,0.910278976
1377,7.110141754,,8.68E-05,-0.002116,-0.001078,Wed Apr 15 05:46:29 2026,0.888767719
1378,7.574930191,,8.67E-05,-0.002141,-0.001078,Wed Apr 15 05:46:52 2026,0.946866274
1379,7.550812721,,8.67E-05,-0.002162,-0.001078,Wed Apr 15 05:47:16 2026,0.94385159
1380,7.277892113,,8.67E-05,-0.002182,-0.001078,Wed Apr 15 05:47:39 2026,0.909736514
1381,7.385333538,,8.67E-05,-0.002207,-0.001078,Wed Apr 15 05:48:53 2026,0.923166692
1382,7.351403236,,8.67E-05,-0.002233,-0.001078,Wed Apr 15 05:49:17 2026,0.918925405
1383,7.726239681,,8.66E-05,-0.002258,-0.001078,Wed Apr 15 05:49:41 2026,0.96577996
1384,7.687308311,,8.66E-05,-0.002279,-0.001078,Wed Apr 15 05:50:03 2026,0.960913539
1385,7.623829842,,8.66E-05,-0.002299,-0.001078,Wed Apr 15 05:50:26 2026,0.95297873
1386,7.103214741,,8.66E-05,-0.002319,-0.001078,Wed Apr 15 05:50:48 2026,0.887901843
1387,8.130239487,,8.65E-05,-0.00234,-0.001078,Wed Apr 15 05:51:14 2026,1.016279936
1388,7.94229269,,8.65E-05,-0.00236,-0.001078,Wed Apr 15 05:52:32 2026,0.992786586
1389,7.349714279,,8.65E-05,-0.00238,-0.001078,Wed Apr 15 05:53:01 2026,0.918714285
1390,7.490597248,,8.65E-05,-0.002401,-0.001078,Wed Apr 15 05:53:23 2026,0.936324656
1391,7.743028641,,8.64E-05,-0.002421,-0.001078,Wed Apr 15 05:53:46 2026,0.96787858
1392,7.851427078,,8.64E-05,-0.002441,-0.001078,Wed Apr 15 05:54:10 2026,0.981428385
1393,8.009819984,,8.64E-05,-0.002462,-0.001068,Wed Apr 15 05:54:38 2026,1.001227498
1394,7.662464142,,8.64E-05,-0.002482,-0.001068,Wed Apr 15 05:55:06 2026,0.957808018
1395,7.481721878,,8.64E-05,-0.002482,-0.001068,Wed Apr 15 05:55:35 2026,0.935215235
1396,7.625149727,,8.63E-05,-0.002482,-0.001068,Wed Apr 15 05:56:04 2026,0.953143716
1397,7.750955105,,8.63E-05,-0.002482,-0.001068,Wed Apr 15 05:56:33 2026,0.968869388
1398,7.557746887,,8.63E-05,-0.002482,-0.001058,Wed Apr 15 05:57:02 2026,0.944718361
1399,7.93202877,,8.63E-05,-0.002482,-0.001058,Wed Apr 15 05:57:29 2026,0.991503596
1400,7.314418316,,8.62E-05,-0.002482,-0.001058,Wed Apr 15 05:57:56 2026,0.914302289
1400,,0.941420853,,-0.002482,-0.001058,Wed Apr 15 05:58:16 2026,
1401,7.52785778,,8.62E-05,-0.002482,-0.001058,Wed Apr 15 05:58:46 2026,0.940982223
1402,8.526198387,,8.62E-05,-0.002482,-0.001058,Wed Apr 15 05:59:12 2026,1.065774798
1403,7.816879749,,8.62E-05,-0.002482,-0.001058,Wed Apr 15 05:59:38 2026,0.977109969
1404,7.661576271,,8.62E-05,-0.002482,-0.001048,Wed Apr 15 06:00:04 2026,0.957697034
1405,7.949525356,,8.61E-05,-0.002482,-0.001048,Wed Apr 15 06:00:29 2026,0.99369067
1406,7.920165539,,8.61E-05,-0.002482,-0.001048,Wed Apr 15 06:00:55 2026,0.990020692
1407,7.494451046,,8.61E-05,-0.00248,-0.001048,Wed Apr 15 06:01:22 2026,0.936806381
1408,7.787332058,,8.61E-05,-0.00248,-0.001048,Wed Apr 15 06:01:48 2026,0.973416507
1409,7.800868034,,8.60E-05,-0.00248,-0.001048,Wed Apr 15 06:02:15 2026,0.975108504
1410,7.629591942,,8.60E-05,-0.00248,-0.001038,Wed Apr 15 06:02:42 2026,0.953698993
1411,7.664881706,,8.60E-05,-0.00248,-0.001038,Wed Apr 15 06:03:08 2026,0.958110213
1412,8.322296143,,8.60E-05,-0.00248,-0.001038,Wed Apr 15 06:03:35 2026,1.040287018
1413,8.131323814,,8.59E-05,-0.00248,-0.001038,Wed Apr 15 06:04:00 2026,1.016415477
1414,7.686498642,,8.59E-05,-0.00248,-0.001038,Wed Apr 15 06:04:23 2026,0.96081233
1415,7.829328537,,8.59E-05,-0.00248,-0.001038,Wed Apr 15 06:04:46 2026,0.978666067
1416,8.104632378,,8.59E-05,-0.00248,-0.001038,Wed Apr 15 06:05:08 2026,1.013079047
1417,7.616435528,,8.59E-05,-0.00248,-0.001038,Wed Apr 15 06:05:31 2026,0.952054441
1418,7.76477766,,8.58E-05,-0.00248,-0.001027,Wed Apr 15 06:05:57 2026,0.970597208
1419,8.089373589,,8.58E-05,-0.00248,-0.001027,Wed Apr 15 06:06:19 2026,1.011171699
1420,7.770214081,,8.58E-05,-0.00248,-0.001027,Wed Apr 15 06:06:42 2026,0.97127676
1421,7.71521759,,8.58E-05,-0.00248,-0.001027,Wed Apr 15 06:07:05 2026,0.964402199
1422,7.627402306,,8.57E-05,-0.00248,-0.001027,Wed Apr 15 06:07:28 2026,0.953425288
1423,8.293103218,,8.57E-05,-0.00248,-0.001027,Wed Apr 15 06:07:50 2026,1.036637902
1424,7.536545753,,8.57E-05,-0.00248,-0.001027,Wed Apr 15 06:08:14 2026,0.942068219
1425,7.279709816,,8.57E-05,-0.00248,-0.001027,Wed Apr 15 06:08:41 2026,0.909963727
1426,7.50032711,,8.56E-05,-0.00248,-0.001027,Wed Apr 15 06:09:08 2026,0.937540889
1427,7.428754807,,8.56E-05,-0.00248,-0.001027,Wed Apr 15 06:09:35 2026,0.928594351
1428,7.282928944,,8.56E-05,-0.00248,-0.001027,Wed Apr 15 06:10:02 2026,0.910366118
1429,7.54349947,,8.56E-05,-0.00248,-0.001027,Wed Apr 15 06:10:28 2026,0.942937434
1430,7.763029099,,8.56E-05,-0.00248,-0.001027,Wed Apr 15 06:10:55 2026,0.970378637
1431,7.296710491,,8.55E-05,-0.00248,-0.001027,Wed Apr 15 06:12:19 2026,0.912088811
1432,7.381299973,,8.55E-05,-0.00248,-0.001027,Wed Apr 15 06:13:09 2026,0.922662497
1433,7.52545023,,8.55E-05,-0.00248,-0.001027,Wed Apr 15 06:13:35 2026,0.940681279
1434,7.160988808,,8.55E-05,-0.00248,-0.001027,Wed Apr 15 06:14:01 2026,0.895123601
1435,7.236730576,,8.54E-05,-0.00249,-0.001027,Wed Apr 15 06:14:28 2026,0.904591322
1436,7.563503265,,8.54E-05,-0.0025,-0.001027,Wed Apr 15 06:14:55 2026,0.945437908
1437,7.182145596,,8.54E-05,-0.0025,-0.001027,Wed Apr 15 06:15:22 2026,0.897768199
1438,7.2744174,,8.54E-05,-0.0025,-0.001027,Wed Apr 15 06:16:46 2026,0.909302175
1439,7.459396362,,8.53E-05,-0.0025,-0.001027,Wed Apr 15 06:17:24 2026,0.932424545
1440,7.644227028,,8.53E-05,-0.0025,-0.001027,Wed Apr 15 06:17:50 2026,0.955528378
1441,7.513762951,,8.53E-05,-0.0025,-0.001027,Wed Apr 15 06:18:16 2026,0.939220369
1442,7.285405159,,8.53E-05,-0.0025,-0.001027,Wed Apr 15 06:18:44 2026,0.910675645
1443,7.369595528,,8.52E-05,-0.0025,-0.001027,Wed Apr 15 06:19:10 2026,0.921199441
1444,7.488807201,,8.52E-05,-0.0025,-0.001027,Wed Apr 15 06:19:38 2026,0.9361009
1445,7.824666977,,8.52E-05,-0.0025,-0.001027,Wed Apr 15 06:20:58 2026,0.978083372
1446,7.608110428,,8.52E-05,-0.0025,-0.001027,Wed Apr 15 06:21:20 2026,0.951013803
1447,7.673053741,,8.52E-05,-0.0025,-0.001027,Wed Apr 15 06:21:43 2026,0.959131718
1448,7.662433624,,8.51E-05,-0.0025,-0.001027,Wed Apr 15 06:22:05 2026,0.957804203
1449,7.451468468,,8.51E-05,-0.0025,-0.001027,Wed Apr 15 06:22:29 2026,0.931433558
1450,7.278310776,,8.51E-05,-0.0025,-0.001027,Wed Apr 15 06:22:51 2026,0.909788847
1451,7.437437057,,8.51E-05,-0.0025,-0.001027,Wed Apr 15 06:23:32 2026,0.929679632
1452,7.491556644,,8.50E-05,-0.0025,-0.001027,Wed Apr 15 06:24:49 2026,0.936444581
1453,7.33552599,,8.50E-05,-0.0025,-0.001027,Wed Apr 15 06:25:14 2026,0.916940749
1454,7.299753189,,8.50E-05,-0.0025,-0.001027,Wed Apr 15 06:25:41 2026,0.912469149
1455,7.319563866,,8.50E-05,-0.0025,-0.001027,Wed Apr 15 06:26:09 2026,0.914945483
1456,7.844598293,,8.49E-05,-0.0025,-0.001027,Wed Apr 15 06:26:38 2026,0.980574787
1457,7.038624287,,8.49E-05,-0.0025,-0.001027,Wed Apr 15 06:27:07 2026,0.879828036
1458,7.289520264,,8.49E-05,-0.0025,-0.001027,Wed Apr 15 06:27:37 2026,0.911190033
1459,7.250082016,,8.49E-05,-0.00252,-0.001027,Wed Apr 15 06:28:06 2026,0.906260252
